ISO-10303-21;
HEADER;
FILE_DESCRIPTION(
  ('This file contains a STEP AP42 implementation'
    ,'as created by ZW3D STEP Interface translator.')
  ,'2;1'
  );
FILE_NAME(
  '¿Í»§Í¼_MG513Xµç»ú£¨»ô¶û±àÂëÆ÷£©.stp'
  ,'241029.194036',
  (''),
  ('ZWCAD Software Co.'),
  'Version 1.0',
  'ZW3D to STEP translator',
  ''
  );
FILE_SCHEMA(('AUTOMOTIVE_DESIGN { 1 0 10303 214 1 1 1 1 }'));
ENDSEC;

DATA;

/**File Base Unit**/
#1 = (LENGTH_UNIT()NAMED_UNIT(*)SI_UNIT(.MILLI.,.METRE.));
#2 = (NAMED_UNIT(*)PLANE_ANGLE_UNIT()SI_UNIT($,.RADIAN.));
#3 = (NAMED_UNIT(*)SI_UNIT($,.STERADIAN.)SOLID_ANGLE_UNIT());
#4 = UNCERTAINTY_MEASURE_WITH_UNIT(LENGTH_MEASURE(0.01),#1,'DISTANCE_ACCURACY_VALUE','Maximum Tolerance applied to model');
#5 = (GEOMETRIC_REPRESENTATION_CONTEXT(3)GLOBAL_UNCERTAINTY_ASSIGNED_CONTEXT((#4))GLOBAL_UNIT_ASSIGNED_CONTEXT((#1,#2,#3))REPRESENTATION_CONTEXT('STEP 203','TOP_LEVEL_ASSEMBLY_PART'));

/**product_definition_shape**/
#6=APPLICATION_CONTEXT('mechanical parts and assemblies' );
#7=DESIGN_CONTEXT('NONE',#6,'design');
#8=MECHANICAL_CONTEXT('NONE',#6,'mechanical');
#9=PRODUCT('0','Part','',(#8));
#10=PRODUCT_DEFINITION_FORMATION_WITH_SPECIFIED_SOURCE('ANY','',#9,.NOT_KNOWN.);
#11=PRODUCT_DEFINITION('UNKNOWN','',#10,#7);
#12=PRODUCT_DEFINITION_SHAPE('NONE','NONE',#11);
#13=PRODUCT_RELATED_PRODUCT_CATEGORY('detail','',(#9));
/**geometry information**/
#14=CARTESIAN_POINT('',(0.,0.,0.));
#15=DIRECTION('',(0.,0.,1.));
#16=DIRECTION('',(1.,0.,0.));
#17=AXIS2_PLACEMENT_3D('',#14,#15,#16);
#18=APPLICATION_CONTEXT('part');
#19=MECHANICAL_CONTEXT('none',#18,'component');
#20=PRODUCT('MG513X£¨»ô¶û±àÂëÆ÷£©1_1_1_1','MG513X£¨»ô¶û±àÂëÆ÷£©1_1_1_1','',(#19));
#21=PRODUCT_RELATED_PRODUCT_CATEGORY('detail','',(#20));
#22=PRODUCT_DEFINITION_FORMATION_WITH_SPECIFIED_SOURCE('ANY','UNSPECIFIED',#20,.NOT_KNOWN.);
#23=APPLICATION_CONTEXT('part');
#24=APPLICATION_PROTOCOL_DEFINITION('international standard','config_control_design',1994,#23);
#25=DESIGN_CONTEXT('detailed',#23,'design');
#26=PRODUCT_DEFINITION('','UNSPECIFIED',#22,#25);
#27=PRODUCT_DEFINITION_SHAPE('NONE','NONE',#26);
#28=SHAPE_REPRESENTATION('MG513X£¨»ô¶û±àÂëÆ÷£©1_1_1_1',(#17),#5);
#29=SHAPE_DEFINITION_REPRESENTATION(#27,#28);
#30=CARTESIAN_POINT('',(7.105427357601E-15,0.,13.25));
#31=DIRECTION('',(1.,0.,0.));
#32=DIRECTION('',(-0.,1.,0.));
#33=AXIS2_PLACEMENT_3D('',#30,#32,#31);
#34=PLANE('',#33);
#35=CARTESIAN_POINT('',(-20.149997525374,0.,-18.4));
#36=VERTEX_POINT('',#35);
#37=CARTESIAN_POINT('',(-31.65,0.,-6.9));
#38=VERTEX_POINT('',#37);
#39=CARTESIAN_POINT('',(-20.15,0.,-6.9));
#40=DIRECTION('',(2.1518486965246E-07,0.,-0.99999999999998));
#41=DIRECTION('',(0.,1.,-0.));
#42=AXIS2_PLACEMENT_3D('',#39,#41,#40);
#43=CIRCLE('',#42,11.5);
#44=EDGE_CURVE('',#36,#38,#43,.T.);
#45=ORIENTED_EDGE('',*,*,#44,.T.);
#46=CARTESIAN_POINT('',(-31.65,0.,6.9));
#47=VERTEX_POINT('',#46);
#48=CARTESIAN_POINT('',(-31.65,0.,-6.9));
#49=DIRECTION('',(0.,0.,1.));
#50=VECTOR('',#49,13.8);
#51=LINE('',#48,#50);
#52=EDGE_CURVE('',#38,#47,#51,.T.);
#53=ORIENTED_EDGE('',*,*,#52,.T.);
#54=CARTESIAN_POINT('',(-20.15,0.,18.4));
#55=VERTEX_POINT('',#54);
#56=CARTESIAN_POINT('',(-20.15,0.,6.9));
#57=DIRECTION('',(-1.,0.,1.5446581212176E-16));
#58=DIRECTION('',(-0.,1.,0.));
#59=AXIS2_PLACEMENT_3D('',#56,#58,#57);
#60=CIRCLE('',#59,11.5);
#61=EDGE_CURVE('',#47,#55,#60,.T.);
#62=ORIENTED_EDGE('',*,*,#61,.T.);
#63=CARTESIAN_POINT('',(20.15,0.,18.4));
#64=VERTEX_POINT('',#63);
#65=CARTESIAN_POINT('',(-20.15,0.,18.4));
#66=DIRECTION('',(1.,0.,0.));
#67=VECTOR('',#66,40.3);
#68=LINE('',#65,#67);
#69=EDGE_CURVE('',#55,#64,#68,.T.);
#70=ORIENTED_EDGE('',*,*,#69,.T.);
#71=CARTESIAN_POINT('',(31.65,0.,6.9));
#72=VERTEX_POINT('',#71);
#73=CARTESIAN_POINT('',(20.15,0.,6.9));
#74=DIRECTION('',(-3.0893162424352E-16,0.,1.));
#75=DIRECTION('',(0.,1.,0.));
#76=AXIS2_PLACEMENT_3D('',#73,#75,#74);
#77=CIRCLE('',#76,11.5);
#78=EDGE_CURVE('',#64,#72,#77,.T.);
#79=ORIENTED_EDGE('',*,*,#78,.T.);
#80=CARTESIAN_POINT('',(31.65,0.,-6.8999975253736));
#81=VERTEX_POINT('',#80);
#82=CARTESIAN_POINT('',(31.65,0.,6.9));
#83=DIRECTION('',(0.,0.,-1.));
#84=VECTOR('',#83,13.799997525374);
#85=LINE('',#82,#84);
#86=EDGE_CURVE('',#72,#81,#85,.T.);
#87=ORIENTED_EDGE('',*,*,#86,.T.);
#88=CARTESIAN_POINT('',(20.15,0.,-18.4));
#89=VERTEX_POINT('',#88);
#90=CARTESIAN_POINT('',(20.15,0.,-6.9));
#91=DIRECTION('',(0.99999999999998,0.,2.151849042528E-07));
#92=DIRECTION('',(0.,1.,0.));
#93=AXIS2_PLACEMENT_3D('',#90,#92,#91);
#94=CIRCLE('',#93,11.5);
#95=EDGE_CURVE('',#81,#89,#94,.T.);
#96=ORIENTED_EDGE('',*,*,#95,.T.);
#97=CARTESIAN_POINT('',(20.15,0.,-18.4));
#98=DIRECTION('',(-1.,0.,0.));
#99=VECTOR('',#98,40.299997525374);
#100=LINE('',#97,#99);
#101=EDGE_CURVE('',#89,#36,#100,.T.);
#102=ORIENTED_EDGE('',*,*,#101,.T.);
#103=EDGE_LOOP('',(#45,#53,#62,#70,#79,#87,#96,#102));
#104=FACE_OUTER_BOUND('',#103,.T.);
#105=CARTESIAN_POINT('',(-23.3,0.,-13.2));
#106=VERTEX_POINT('',#105);
#107=CARTESIAN_POINT('',(-24.9,0.,-13.2));
#108=DIRECTION('',(1.,0.,1.5700924586838E-15));
#109=DIRECTION('',(0.,-1.,0.));
#110=AXIS2_PLACEMENT_3D('',#107,#109,#108);
#111=CIRCLE('',#110,1.6);
#112=EDGE_CURVE('',#106,#106,#111,.T.);
#113=ORIENTED_EDGE('',*,*,#112,.T.);
#114=EDGE_LOOP('',(#113));
#115=FACE_BOUND('',#114,.T.);
#116=CARTESIAN_POINT('',(-23.3,0.,13.2));
#117=VERTEX_POINT('',#116);
#118=CARTESIAN_POINT('',(-24.9,0.,13.2));
#119=DIRECTION('',(1.,0.,1.5700924586838E-15));
#120=DIRECTION('',(0.,-1.,0.));
#121=AXIS2_PLACEMENT_3D('',#118,#120,#119);
#122=CIRCLE('',#121,1.6);
#123=EDGE_CURVE('',#117,#117,#122,.T.);
#124=ORIENTED_EDGE('',*,*,#123,.T.);
#125=EDGE_LOOP('',(#124));
#126=FACE_BOUND('',#125,.T.);
#127=CARTESIAN_POINT('',(26.5,0.,13.2));
#128=VERTEX_POINT('',#127);
#129=CARTESIAN_POINT('',(24.9,0.,13.2));
#130=DIRECTION('',(1.,-0.,-7.8504622934189E-16));
#131=DIRECTION('',(0.,-1.,0.));
#132=AXIS2_PLACEMENT_3D('',#129,#131,#130);
#133=CIRCLE('',#132,1.6);
#134=EDGE_CURVE('',#128,#128,#133,.T.);
#135=ORIENTED_EDGE('',*,*,#134,.T.);
#136=EDGE_LOOP('',(#135));
#137=FACE_BOUND('',#136,.T.);
#138=CARTESIAN_POINT('',(26.5,0.,-13.2));
#139=VERTEX_POINT('',#138);
#140=CARTESIAN_POINT('',(24.9,0.,-13.2));
#141=DIRECTION('',(1.,-0.,-7.8504622934189E-16));
#142=DIRECTION('',(0.,-1.,0.));
#143=AXIS2_PLACEMENT_3D('',#140,#142,#141);
#144=CIRCLE('',#143,1.6);
#145=EDGE_CURVE('',#139,#139,#144,.T.);
#146=ORIENTED_EDGE('',*,*,#145,.T.);
#147=EDGE_LOOP('',(#146));
#148=FACE_BOUND('',#147,.T.);
#149=ADVANCED_FACE('',(#104,#115,#126,#137,#148),#34,.T.);
#150=CARTESIAN_POINT('',(7.105427357601E-15,-12.,13.25));
#151=DIRECTION('',(1.,0.,0.));
#152=DIRECTION('',(0.,-1.,0.));
#153=AXIS2_PLACEMENT_3D('',#150,#152,#151);
#154=PLANE('',#153);
#155=CARTESIAN_POINT('',(-20.15,-12.,-18.4));
#156=VERTEX_POINT('',#155);
#157=CARTESIAN_POINT('',(20.15,-12.,-18.4));
#158=VERTEX_POINT('',#157);
#159=CARTESIAN_POINT('',(-20.15,-12.,-18.4));
#160=DIRECTION('',(1.,0.,0.));
#161=VECTOR('',#160,40.3);
#162=LINE('',#159,#161);
#163=EDGE_CURVE('',#156,#158,#162,.T.);
#164=ORIENTED_EDGE('',*,*,#163,.T.);
#165=CARTESIAN_POINT('',(31.649999999859,-12.,-6.8999431530793));
#166=VERTEX_POINT('',#165);
#167=CARTESIAN_POINT('',(20.15,-12.,-6.9));
#168=DIRECTION('',(3.0893162424352E-16,2.1625213697047E-15,-1.));
#169=DIRECTION('',(9.464197881268E-16,-1.,-2.284851501771E-15));
#170=AXIS2_PLACEMENT_3D('',#167,#169,#168);
#171=CIRCLE('',#170,11.5);
#172=EDGE_CURVE('',#158,#166,#171,.T.);
#173=ORIENTED_EDGE('',*,*,#172,.T.);
#174=CARTESIAN_POINT('',(31.64999999993,-12.,6.8999974183659));
#175=VERTEX_POINT('',#174);
#176=CARTESIAN_POINT('',(31.649999999859,-12.,-6.8999431530793));
#177=DIRECTION('',(5.1450209153613E-12,0.,1.));
#178=VECTOR('',#177,13.799940571445);
#179=LINE('',#176,#178);
#180=EDGE_CURVE('',#166,#175,#179,.T.);
#181=ORIENTED_EDGE('',*,*,#180,.T.);
#182=CARTESIAN_POINT('',(20.149945795449,-12.,18.399999999872));
#183=VERTEX_POINT('',#182);
#184=CARTESIAN_POINT('',(20.15,-12.,6.9));
#185=DIRECTION('',(0.99999999999997,1.3901923091043E-15,-2.2448992300003E-07));
#186=DIRECTION('',(1.2888907198608E-15,-1.,5.3387754170199E-16));
#187=AXIS2_PLACEMENT_3D('',#184,#186,#185);
#188=CIRCLE('',#187,11.49999999993);
#189=EDGE_CURVE('',#175,#183,#188,.T.);
#190=ORIENTED_EDGE('',*,*,#189,.T.);
#191=CARTESIAN_POINT('',(-20.149997357634,-12.,18.399999999936));
#192=VERTEX_POINT('',#191);
#193=CARTESIAN_POINT('',(20.149945795449,-12.,18.399999999872));
#194=DIRECTION('',(-1.,0.,1.5880564388592E-12));
#195=VECTOR('',#194,40.299943153083);
#196=LINE('',#193,#195);
#197=EDGE_CURVE('',#183,#192,#196,.T.);
#198=ORIENTED_EDGE('',*,*,#197,.T.);
#199=CARTESIAN_POINT('',(-31.65,-12.,6.9));
#200=VERTEX_POINT('',#199);
#201=CARTESIAN_POINT('',(-20.15,-12.,6.9));
#202=DIRECTION('',(2.2977095580906E-07,-7.7232906061308E-16,0.99999999999997));
#203=DIRECTION('',(4.3681023570208E-16,-1.,-1.0545537092236E-15));
#204=AXIS2_PLACEMENT_3D('',#201,#203,#202);
#205=CIRCLE('',#204,11.499999999936);
#206=EDGE_CURVE('',#192,#200,#205,.T.);
#207=ORIENTED_EDGE('',*,*,#206,.T.);
#208=CARTESIAN_POINT('',(-31.65,-12.,-6.9));
#209=VERTEX_POINT('',#208);
#210=CARTESIAN_POINT('',(-31.65,-12.,6.9));
#211=DIRECTION('',(0.,0.,-1.));
#212=VECTOR('',#211,13.8);
#213=LINE('',#210,#212);
#214=EDGE_CURVE('',#200,#209,#213,.T.);
#215=ORIENTED_EDGE('',*,*,#214,.T.);
#216=CARTESIAN_POINT('',(-20.15,-12.,-6.9));
#217=DIRECTION('',(-1.,0.,3.0893162424352E-16));
#218=DIRECTION('',(1.3984254695525E-16,-1.,1.3984254695525E-16));
#219=AXIS2_PLACEMENT_3D('',#216,#218,#217);
#220=CIRCLE('',#219,11.5);
#221=EDGE_CURVE('',#209,#156,#220,.T.);
#222=ORIENTED_EDGE('',*,*,#221,.T.);
#223=EDGE_LOOP('',(#164,#173,#181,#190,#198,#207,#215,#222));
#224=FACE_OUTER_BOUND('',#223,.T.);
#225=CARTESIAN_POINT('',(-13.45,-12.,-2.7348802650788E-15));
#226=VERTEX_POINT('',#225);
#227=CARTESIAN_POINT('',(-19.45,-12.,-2.1068432816053E-15));
#228=DIRECTION('',(1.,-2.0934566115784E-16,-1.0467283057892E-16));
#229=DIRECTION('',(2.0934566115784E-16,1.,-2.0934566115784E-16));
#230=AXIS2_PLACEMENT_3D('',#227,#229,#228);
#231=CIRCLE('',#230,6.);
#232=EDGE_CURVE('',#226,#226,#231,.T.);
#233=ORIENTED_EDGE('',*,*,#232,.T.);
#234=EDGE_LOOP('',(#233));
#235=FACE_BOUND('',#234,.T.);
#236=CARTESIAN_POINT('',(-23.3,-12.,-13.2));
#237=VERTEX_POINT('',#236);
#238=CARTESIAN_POINT('',(-24.9,-12.,-13.2));
#239=DIRECTION('',(1.,-7.8504622934189E-16,-1.5700924586838E-15));
#240=DIRECTION('',(7.8504622934189E-16,1.,-7.8504622934189E-16));
#241=AXIS2_PLACEMENT_3D('',#238,#240,#239);
#242=CIRCLE('',#241,1.6);
#243=EDGE_CURVE('',#237,#237,#242,.T.);
#244=ORIENTED_EDGE('',*,*,#243,.T.);
#245=EDGE_LOOP('',(#244));
#246=FACE_BOUND('',#245,.T.);
#247=CARTESIAN_POINT('',(-23.3,-12.,13.2));
#248=VERTEX_POINT('',#247);
#249=CARTESIAN_POINT('',(-24.9,-12.,13.2));
#250=DIRECTION('',(1.,-7.8504622934189E-16,-1.5700924586838E-15));
#251=DIRECTION('',(7.8504622934189E-16,1.,-7.8504622934189E-16));
#252=AXIS2_PLACEMENT_3D('',#249,#251,#250);
#253=CIRCLE('',#252,1.6);
#254=EDGE_CURVE('',#248,#248,#253,.T.);
#255=ORIENTED_EDGE('',*,*,#254,.T.);
#256=EDGE_LOOP('',(#255));
#257=FACE_BOUND('',#256,.T.);
#258=CARTESIAN_POINT('',(26.5,-12.,13.2));
#259=VERTEX_POINT('',#258);
#260=CARTESIAN_POINT('',(24.9,-12.,13.2));
#261=DIRECTION('',(1.,-7.8504622934188E-16,7.8504622934189E-16));
#262=DIRECTION('',(7.8504622934189E-16,1.,-7.8504622934189E-16));
#263=AXIS2_PLACEMENT_3D('',#260,#262,#261);
#264=CIRCLE('',#263,1.6);
#265=EDGE_CURVE('',#259,#259,#264,.T.);
#266=ORIENTED_EDGE('',*,*,#265,.T.);
#267=EDGE_LOOP('',(#266));
#268=FACE_BOUND('',#267,.T.);
#269=CARTESIAN_POINT('',(26.5,-12.,-13.2));
#270=VERTEX_POINT('',#269);
#271=CARTESIAN_POINT('',(24.9,-12.,-13.2));
#272=DIRECTION('',(1.,-7.8504622934189E-16,7.8504622934189E-16));
#273=DIRECTION('',(7.8504622934189E-16,1.,-7.8504622934189E-16));
#274=AXIS2_PLACEMENT_3D('',#271,#273,#272);
#275=CIRCLE('',#274,1.6);
#276=EDGE_CURVE('',#270,#270,#275,.T.);
#277=ORIENTED_EDGE('',*,*,#276,.T.);
#278=EDGE_LOOP('',(#277));
#279=FACE_BOUND('',#278,.T.);
#280=CARTESIAN_POINT('',(28.15,-12.,0.));
#281=VERTEX_POINT('',#280);
#282=CARTESIAN_POINT('',(11.85,-12.,-2.512147933894E-15));
#283=DIRECTION('',(1.,-3.8529876286718E-17,1.5411950514687E-16));
#284=DIRECTION('',(3.8529876286718E-17,1.,-3.8529876286718E-17));
#285=AXIS2_PLACEMENT_3D('',#282,#284,#283);
#286=CIRCLE('',#285,16.3);
#287=EDGE_CURVE('',#281,#281,#286,.T.);
#288=ORIENTED_EDGE('',*,*,#287,.T.);
#289=EDGE_LOOP('',(#288));
#290=FACE_BOUND('',#289,.T.);
#291=ADVANCED_FACE('',(#224,#235,#246,#257,#268,#279,#290),#154,.T.);
#292=CARTESIAN_POINT('',(3.5527136788005E-15,-6.,-18.9));
#293=DIRECTION('',(1.,0.,0.));
#294=DIRECTION('',(0.,0.,-1.));
#295=AXIS2_PLACEMENT_3D('',#292,#294,#293);
#296=PLANE('',#295);
#297=CARTESIAN_POINT('',(-20.15,-11.5,-18.9));
#298=VERTEX_POINT('',#297);
#299=CARTESIAN_POINT('',(-20.15,-0.5,-18.9));
#300=VERTEX_POINT('',#299);
#301=CARTESIAN_POINT('',(-20.15,-11.5,-18.9));
#302=DIRECTION('',(0.,1.,0.));
#303=VECTOR('',#302,11.);
#304=LINE('',#301,#303);
#305=EDGE_CURVE('',#298,#300,#304,.T.);
#306=ORIENTED_EDGE('',*,*,#305,.T.);
#307=CARTESIAN_POINT('',(20.15,-0.5,-18.9));
#308=VERTEX_POINT('',#307);
#309=CARTESIAN_POINT('',(-20.15,-0.5,-18.9));
#310=DIRECTION('',(1.,0.,0.));
#311=VECTOR('',#310,40.3);
#312=LINE('',#309,#311);
#313=EDGE_CURVE('',#300,#308,#312,.T.);
#314=ORIENTED_EDGE('',*,*,#313,.T.);
#315=CARTESIAN_POINT('',(20.15,-11.5,-18.9));
#316=VERTEX_POINT('',#315);
#317=CARTESIAN_POINT('',(20.15,-0.5,-18.9));
#318=DIRECTION('',(0.,-1.,0.));
#319=VECTOR('',#318,11.);
#320=LINE('',#317,#319);
#321=EDGE_CURVE('',#308,#316,#320,.T.);
#322=ORIENTED_EDGE('',*,*,#321,.T.);
#323=CARTESIAN_POINT('',(20.15,-11.5,-18.9));
#324=DIRECTION('',(-1.,0.,0.));
#325=VECTOR('',#324,40.3);
#326=LINE('',#323,#325);
#327=EDGE_CURVE('',#316,#298,#326,.T.);
#328=ORIENTED_EDGE('',*,*,#327,.T.);
#329=EDGE_LOOP('',(#306,#314,#322,#328));
#330=FACE_OUTER_BOUND('',#329,.T.);
#331=ADVANCED_FACE('',(#330),#296,.T.);
#332=CARTESIAN_POINT('',(20.15,-0.49999999999997,-6.9));
#333=DIRECTION('',(1.,-2.1741867565576E-15,-1.0144477850342E-12));
#334=DIRECTION('',(-2.5837917664004E-15,-1.,4.8446095620007E-16));
#335=AXIS2_PLACEMENT_3D('',#332,#334,#333);
#336=CYLINDRICAL_SURFACE('',#335,12.);
#337=ORIENTED_EDGE('',*,*,#321,.F.);
#338=CARTESIAN_POINT('',(32.15,-0.5,-6.9));
#339=VERTEX_POINT('',#338);
#340=CARTESIAN_POINT('',(20.15,-0.5,-6.9));
#341=DIRECTION('',(0.,-1.0177044392397E-16,-1.));
#342=DIRECTION('',(-1.0609582121431E-16,-1.,1.0609582121431E-16));
#343=AXIS2_PLACEMENT_3D('',#340,#342,#341);
#344=CIRCLE('',#343,12.);
#345=EDGE_CURVE('',#308,#339,#344,.T.);
#346=ORIENTED_EDGE('',*,*,#345,.T.);
#347=CARTESIAN_POINT('',(32.15,-11.5,-6.9));
#348=VERTEX_POINT('',#347);
#349=CARTESIAN_POINT('',(32.15,-0.5,-6.9));
#350=DIRECTION('',(0.,-1.,0.));
#351=VECTOR('',#350,11.);
#352=LINE('',#349,#351);
#353=EDGE_CURVE('',#339,#348,#352,.T.);
#354=ORIENTED_EDGE('',*,*,#353,.T.);
#355=CARTESIAN_POINT('',(20.15,-11.5,-6.9));
#356=DIRECTION('',(1.,2.9605947323338E-16,1.4802973661669E-16));
#357=DIRECTION('',(-2.3868860474436E-16,1.,3.8671834136105E-16));
#358=AXIS2_PLACEMENT_3D('',#355,#357,#356);
#359=CIRCLE('',#358,12.);
#360=EDGE_CURVE('',#348,#316,#359,.T.);
#361=ORIENTED_EDGE('',*,*,#360,.T.);
#362=EDGE_LOOP('',(#337,#346,#354,#361));
#363=FACE_OUTER_BOUND('',#362,.T.);
#364=ADVANCED_FACE('',(#363),#336,.T.);
#365=CARTESIAN_POINT('',(32.15,-6.,-8.8817841970013E-16));
#366=DIRECTION('',(-1.0297720808117E-15,0.,1.));
#367=DIRECTION('',(1.,0.,1.0297720808117E-15));
#368=AXIS2_PLACEMENT_3D('',#365,#367,#366);
#369=PLANE('',#368);
#370=ORIENTED_EDGE('',*,*,#353,.F.);
#371=CARTESIAN_POINT('',(32.15,-0.5,6.9));
#372=VERTEX_POINT('',#371);
#373=CARTESIAN_POINT('',(32.15,-0.5,-6.9));
#374=DIRECTION('',(0.,0.,1.));
#375=VECTOR('',#374,13.8);
#376=LINE('',#373,#375);
#377=EDGE_CURVE('',#339,#372,#376,.T.);
#378=ORIENTED_EDGE('',*,*,#377,.T.);
#379=CARTESIAN_POINT('',(32.15,-11.5,6.9));
#380=VERTEX_POINT('',#379);
#381=CARTESIAN_POINT('',(32.15,-0.5,6.9));
#382=DIRECTION('',(0.,-1.,0.));
#383=VECTOR('',#382,11.);
#384=LINE('',#381,#383);
#385=EDGE_CURVE('',#372,#380,#384,.T.);
#386=ORIENTED_EDGE('',*,*,#385,.T.);
#387=CARTESIAN_POINT('',(32.15,-11.5,6.9));
#388=DIRECTION('',(0.,0.,-1.));
#389=VECTOR('',#388,13.8);
#390=LINE('',#387,#389);
#391=EDGE_CURVE('',#380,#348,#390,.T.);
#392=ORIENTED_EDGE('',*,*,#391,.T.);
#393=EDGE_LOOP('',(#370,#378,#386,#392));
#394=FACE_OUTER_BOUND('',#393,.T.);
#395=ADVANCED_FACE('',(#394),#369,.T.);
#396=CARTESIAN_POINT('',(20.15,-0.49999999999999,6.9));
#397=DIRECTION('',(1.0140036958243E-12,-4.6259292692715E-16,1.));
#398=DIRECTION('',(0.,-1.,0.));
#399=AXIS2_PLACEMENT_3D('',#396,#398,#397);
#400=CYLINDRICAL_SURFACE('',#399,12.);
#401=ORIENTED_EDGE('',*,*,#385,.F.);
#402=CARTESIAN_POINT('',(20.15,-0.5,18.9));
#403=VERTEX_POINT('',#402);
#404=CARTESIAN_POINT('',(20.149999328904,-0.5,6.8999966261685));
#405=DIRECTION('',(0.99999999999996,-4.6259290105678E-17,2.8115260856958E-07));
#406=DIRECTION('',(-4.7463931329937E-17,-1.,-4.7463942020142E-17));
#407=AXIS2_PLACEMENT_3D('',#404,#406,#405);
#408=CIRCLE('',#407,12.000000671096);
#409=EDGE_CURVE('',#372,#403,#408,.T.);
#410=ORIENTED_EDGE('',*,*,#409,.T.);
#411=CARTESIAN_POINT('',(20.15,-11.5,18.9));
#412=VERTEX_POINT('',#411);
#413=CARTESIAN_POINT('',(20.15,-0.5,18.9));
#414=DIRECTION('',(0.,-1.,0.));
#415=VECTOR('',#414,11.);
#416=LINE('',#413,#415);
#417=EDGE_CURVE('',#403,#412,#416,.T.);
#418=ORIENTED_EDGE('',*,*,#417,.T.);
#419=CARTESIAN_POINT('',(20.15,-11.5,6.9));
#420=DIRECTION('',(0.,4.4408920985006E-16,1.));
#421=DIRECTION('',(-4.4671924721816E-16,1.,-4.4671924721816E-16));
#422=AXIS2_PLACEMENT_3D('',#419,#421,#420);
#423=CIRCLE('',#422,12.);
#424=EDGE_CURVE('',#412,#380,#423,.T.);
#425=ORIENTED_EDGE('',*,*,#424,.T.);
#426=EDGE_LOOP('',(#401,#410,#418,#425));
#427=FACE_OUTER_BOUND('',#426,.T.);
#428=ADVANCED_FACE('',(#427),#400,.T.);
#429=CARTESIAN_POINT('',(-3.5527136788005E-15,-6.,18.9));
#430=DIRECTION('',(-1.,0.,-1.7631333393551E-16));
#431=DIRECTION('',(-1.7631333393551E-16,0.,1.));
#432=AXIS2_PLACEMENT_3D('',#429,#431,#430);
#433=PLANE('',#432);
#434=CARTESIAN_POINT('',(-20.15,-0.5,18.9));
#435=VERTEX_POINT('',#434);
#436=CARTESIAN_POINT('',(-20.15,-11.5,18.9));
#437=VERTEX_POINT('',#436);
#438=CARTESIAN_POINT('',(-20.15,-0.5,18.9));
#439=DIRECTION('',(0.,-1.,0.));
#440=VECTOR('',#439,11.);
#441=LINE('',#438,#440);
#442=EDGE_CURVE('',#435,#437,#441,.T.);
#443=ORIENTED_EDGE('',*,*,#442,.T.);
#444=CARTESIAN_POINT('',(-20.15,-11.5,18.9));
#445=DIRECTION('',(1.,0.,0.));
#446=VECTOR('',#445,40.3);
#447=LINE('',#444,#446);
#448=EDGE_CURVE('',#437,#412,#447,.T.);
#449=ORIENTED_EDGE('',*,*,#448,.T.);
#450=ORIENTED_EDGE('',*,*,#417,.F.);
#451=CARTESIAN_POINT('',(20.15,-0.5,18.9));
#452=DIRECTION('',(-1.,0.,0.));
#453=VECTOR('',#452,40.3);
#454=LINE('',#451,#453);
#455=EDGE_CURVE('',#403,#435,#454,.T.);
#456=ORIENTED_EDGE('',*,*,#455,.T.);
#457=EDGE_LOOP('',(#443,#449,#450,#456));
#458=FACE_OUTER_BOUND('',#457,.T.);
#459=ADVANCED_FACE('',(#458),#433,.T.);
#460=CARTESIAN_POINT('',(-20.15,-0.5,6.9));
#461=DIRECTION('',(-0.99999999998667,1.3877787807814E-17,-5.1633677755625E-06));
#462=DIRECTION('',(0.,-1.,-4.8446095620007E-16));
#463=AXIS2_PLACEMENT_3D('',#460,#462,#461);
#464=CYLINDRICAL_SURFACE('',#463,12.);
#465=CARTESIAN_POINT('',(-32.15,-0.5,6.9));
#466=VERTEX_POINT('',#465);
#467=CARTESIAN_POINT('',(-32.15,-11.5,6.9));
#468=VERTEX_POINT('',#467);
#469=CARTESIAN_POINT('',(-32.15,-0.5,6.9));
#470=DIRECTION('',(0.,-1.,0.));
#471=VECTOR('',#470,11.);
#472=LINE('',#469,#471);
#473=EDGE_CURVE('',#466,#468,#472,.T.);
#474=ORIENTED_EDGE('',*,*,#473,.T.);
#475=CARTESIAN_POINT('',(-20.149958015694,-11.5,6.8999826096529));
#476=DIRECTION('',(-0.99999999999895,2.9605843741573E-16,1.4491905212566E-06));
#477=DIRECTION('',(1.2000305285977E-16,1.,-4.1606167337742E-16));
#478=AXIS2_PLACEMENT_3D('',#475,#477,#476);
#479=CIRCLE('',#478,12.000041984319);
#480=EDGE_CURVE('',#468,#437,#479,.T.);
#481=ORIENTED_EDGE('',*,*,#480,.T.);
#482=ORIENTED_EDGE('',*,*,#442,.F.);
#483=CARTESIAN_POINT('',(-20.149998174095,-0.5,6.8999992436858));
#484=DIRECTION('',(-1.5215874030614E-07,3.2381502844018E-17,0.99999999999999));
#485=DIRECTION('',(5.3280378632796E-17,-1.,2.5360423693836E-17));
#486=AXIS2_PLACEMENT_3D('',#483,#485,#484);
#487=CIRCLE('',#486,12.000000756314);
#488=EDGE_CURVE('',#435,#466,#487,.T.);
#489=ORIENTED_EDGE('',*,*,#488,.T.);
#490=EDGE_LOOP('',(#474,#481,#482,#489));
#491=FACE_OUTER_BOUND('',#490,.T.);
#492=ADVANCED_FACE('',(#491),#464,.T.);
#493=CARTESIAN_POINT('',(-32.15,-6.,-1.1546319456102E-14));
#494=DIRECTION('',(0.,0.,-1.));
#495=DIRECTION('',(-1.,-0.,-0.));
#496=AXIS2_PLACEMENT_3D('',#493,#495,#494);
#497=PLANE('',#496);
#498=CARTESIAN_POINT('',(-32.15,-0.5,-6.9));
#499=VERTEX_POINT('',#498);
#500=CARTESIAN_POINT('',(-32.15,-11.5,-6.9));
#501=VERTEX_POINT('',#500);
#502=CARTESIAN_POINT('',(-32.15,-0.5,-6.9));
#503=DIRECTION('',(0.,-1.,0.));
#504=VECTOR('',#503,11.);
#505=LINE('',#502,#504);
#506=EDGE_CURVE('',#499,#501,#505,.T.);
#507=ORIENTED_EDGE('',*,*,#506,.T.);
#508=CARTESIAN_POINT('',(-32.15,-11.5,-6.9));
#509=DIRECTION('',(0.,0.,1.));
#510=VECTOR('',#509,13.8);
#511=LINE('',#508,#510);
#512=EDGE_CURVE('',#501,#468,#511,.T.);
#513=ORIENTED_EDGE('',*,*,#512,.T.);
#514=ORIENTED_EDGE('',*,*,#473,.F.);
#515=CARTESIAN_POINT('',(-32.15,-0.5,6.9));
#516=DIRECTION('',(0.,0.,-1.));
#517=VECTOR('',#516,13.8);
#518=LINE('',#515,#517);
#519=EDGE_CURVE('',#466,#499,#518,.T.);
#520=ORIENTED_EDGE('',*,*,#519,.T.);
#521=EDGE_LOOP('',(#507,#513,#514,#520));
#522=FACE_OUTER_BOUND('',#521,.T.);
#523=ADVANCED_FACE('',(#522),#497,.T.);
#524=CARTESIAN_POINT('',(-20.15,-0.5,-6.9));
#525=DIRECTION('',(5.1633689794883E-06,1.8503717077086E-17,-0.99999999998667));
#526=DIRECTION('',(0.,-1.,0.));
#527=AXIS2_PLACEMENT_3D('',#524,#526,#525);
#528=CYLINDRICAL_SURFACE('',#527,12.);
#529=ORIENTED_EDGE('',*,*,#305,.F.);
#530=CARTESIAN_POINT('',(-20.149982609653,-11.5,-6.8999580156943));
#531=DIRECTION('',(-1.4491905125229E-06,4.440876561236E-16,-0.99999999999895));
#532=DIRECTION('',(4.0204790513998E-16,1.,4.0204872913662E-16));
#533=AXIS2_PLACEMENT_3D('',#530,#532,#531);
#534=CIRCLE('',#533,12.000041984318);
#535=EDGE_CURVE('',#298,#501,#534,.T.);
#536=ORIENTED_EDGE('',*,*,#535,.T.);
#537=ORIENTED_EDGE('',*,*,#506,.F.);
#538=CARTESIAN_POINT('',(-20.15,-0.5,-6.9));
#539=DIRECTION('',(-1.,-1.3877787807814E-16,1.4802973661669E-16));
#540=DIRECTION('',(1.3680776946056E-16,-1.,1.3680776946056E-16));
#541=AXIS2_PLACEMENT_3D('',#538,#540,#539);
#542=CIRCLE('',#541,12.);
#543=EDGE_CURVE('',#499,#300,#542,.T.);
#544=ORIENTED_EDGE('',*,*,#543,.T.);
#545=EDGE_LOOP('',(#529,#536,#537,#544));
#546=FACE_OUTER_BOUND('',#545,.T.);
#547=ADVANCED_FACE('',(#546),#528,.T.);
#548=CARTESIAN_POINT('',(24.9,0.,-13.2));
#549=DIRECTION('',(1.,0.,-1.1102230246252E-15));
#550=DIRECTION('',(0.,-1.,0.));
#551=AXIS2_PLACEMENT_3D('',#548,#550,#549);
#552=CYLINDRICAL_SURFACE('',#551,1.6);
#553=ORIENTED_EDGE('',*,*,#145,.F.);
#554=CARTESIAN_POINT('',(26.5,0.,-13.2));
#555=DIRECTION('',(0.,-1.,0.));
#556=VECTOR('',#555,12.);
#557=LINE('',#554,#556);
#558=EDGE_CURVE('',#139,#270,#557,.T.);
#559=ORIENTED_EDGE('',*,*,#558,.T.);
#560=ORIENTED_EDGE('',*,*,#276,.F.);
#561=ORIENTED_EDGE('',*,*,#558,.F.);
#562=EDGE_LOOP('',(#553,#559,#560,#561));
#563=FACE_OUTER_BOUND('',#562,.T.);
#564=ADVANCED_FACE('',(#563),#552,.F.);
#565=CARTESIAN_POINT('',(24.9,0.,13.2));
#566=DIRECTION('',(1.,0.,-1.1102230246252E-15));
#567=DIRECTION('',(0.,-1.,1.4802973661669E-16));
#568=AXIS2_PLACEMENT_3D('',#565,#567,#566);
#569=CYLINDRICAL_SURFACE('',#568,1.6);
#570=ORIENTED_EDGE('',*,*,#134,.F.);
#571=CARTESIAN_POINT('',(26.5,0.,13.2));
#572=DIRECTION('',(0.,-1.,0.));
#573=VECTOR('',#572,12.);
#574=LINE('',#571,#573);
#575=EDGE_CURVE('',#128,#259,#574,.T.);
#576=ORIENTED_EDGE('',*,*,#575,.T.);
#577=ORIENTED_EDGE('',*,*,#265,.F.);
#578=ORIENTED_EDGE('',*,*,#575,.F.);
#579=EDGE_LOOP('',(#570,#576,#577,#578));
#580=FACE_OUTER_BOUND('',#579,.T.);
#581=ADVANCED_FACE('',(#580),#569,.F.);
#582=CARTESIAN_POINT('',(-24.9,0.,13.2));
#583=DIRECTION('',(1.,0.,-3.3306690738755E-15));
#584=DIRECTION('',(0.,-1.,0.));
#585=AXIS2_PLACEMENT_3D('',#582,#584,#583);
#586=CYLINDRICAL_SURFACE('',#585,1.6);
#587=ORIENTED_EDGE('',*,*,#123,.F.);
#588=CARTESIAN_POINT('',(-23.3,0.,13.2));
#589=DIRECTION('',(0.,-1.,0.));
#590=VECTOR('',#589,12.);
#591=LINE('',#588,#590);
#592=EDGE_CURVE('',#117,#248,#591,.T.);
#593=ORIENTED_EDGE('',*,*,#592,.T.);
#594=ORIENTED_EDGE('',*,*,#254,.F.);
#595=ORIENTED_EDGE('',*,*,#592,.F.);
#596=EDGE_LOOP('',(#587,#593,#594,#595));
#597=FACE_OUTER_BOUND('',#596,.T.);
#598=ADVANCED_FACE('',(#597),#586,.F.);
#599=CARTESIAN_POINT('',(-24.9,0.,-13.2));
#600=DIRECTION('',(1.,0.,-3.3306690738755E-15));
#601=DIRECTION('',(0.,-1.,0.));
#602=AXIS2_PLACEMENT_3D('',#599,#601,#600);
#603=CYLINDRICAL_SURFACE('',#602,1.6);
#604=ORIENTED_EDGE('',*,*,#112,.F.);
#605=CARTESIAN_POINT('',(-23.3,0.,-13.2));
#606=DIRECTION('',(0.,-1.,0.));
#607=VECTOR('',#606,12.);
#608=LINE('',#605,#607);
#609=EDGE_CURVE('',#106,#237,#608,.T.);
#610=ORIENTED_EDGE('',*,*,#609,.T.);
#611=ORIENTED_EDGE('',*,*,#243,.F.);
#612=ORIENTED_EDGE('',*,*,#609,.F.);
#613=EDGE_LOOP('',(#604,#610,#611,#612));
#614=FACE_OUTER_BOUND('',#613,.T.);
#615=ADVANCED_FACE('',(#614),#603,.F.);
#616=CARTESIAN_POINT('',(11.85,-12.,-1.2434497875802E-14));
#617=DIRECTION('',(1.,-2.1795789440494E-16,7.6285263041725E-16));
#618=DIRECTION('',(-7.9301644616083E-17,-1.,0.));
#619=AXIS2_PLACEMENT_3D('',#616,#618,#617);
#620=CYLINDRICAL_SURFACE('',#619,16.3);
#621=ORIENTED_EDGE('',*,*,#287,.F.);
#622=CARTESIAN_POINT('',(28.15,-34.4,0.));
#623=VERTEX_POINT('',#622);
#624=CARTESIAN_POINT('',(28.15,-12.,0.));
#625=DIRECTION('',(0.,-1.,0.));
#626=VECTOR('',#625,22.4);
#627=LINE('',#624,#626);
#628=EDGE_CURVE('',#281,#623,#627,.T.);
#629=ORIENTED_EDGE('',*,*,#628,.T.);
#630=CARTESIAN_POINT('',(11.85,-34.4,-1.256073966947E-14));
#631=DIRECTION('',(1.,2.6442726630744E-17,7.7059752573437E-16));
#632=DIRECTION('',(-2.6442726630744E-17,1.,4.6235851544062E-16));
#633=AXIS2_PLACEMENT_3D('',#630,#632,#631);
#634=CIRCLE('',#633,16.3);
#635=EDGE_CURVE('',#623,#623,#634,.T.);
#636=ORIENTED_EDGE('',*,*,#635,.T.);
#637=ORIENTED_EDGE('',*,*,#628,.F.);
#638=EDGE_LOOP('',(#621,#629,#636,#637));
#639=FACE_OUTER_BOUND('',#638,.T.);
#640=ADVANCED_FACE('',(#639),#620,.T.);
#641=CARTESIAN_POINT('',(-19.45,-12.,-1.7763568394003E-15));
#642=DIRECTION('',(1.,2.9605947323338E-16,-1.5975390427981E-16));
#643=DIRECTION('',(0.,-1.,0.));
#644=AXIS2_PLACEMENT_3D('',#641,#643,#642);
#645=CYLINDRICAL_SURFACE('',#644,6.);
#646=ORIENTED_EDGE('',*,*,#232,.F.);
#647=CARTESIAN_POINT('',(-13.45,-15.,-2.7348802650788E-15));
#648=VERTEX_POINT('',#647);
#649=CARTESIAN_POINT('',(-13.45,-12.,-2.7348802650788E-15));
#650=DIRECTION('',(0.,-1.,0.));
#651=VECTOR('',#650,3.);
#652=LINE('',#649,#651);
#653=EDGE_CURVE('',#226,#648,#652,.T.);
#654=ORIENTED_EDGE('',*,*,#653,.T.);
#655=CARTESIAN_POINT('',(-19.45,-15.,-2.1068432816053E-15));
#656=DIRECTION('',(1.,-0.,-1.0467283057892E-16));
#657=DIRECTION('',(0.,1.,0.));
#658=AXIS2_PLACEMENT_3D('',#655,#657,#656);
#659=CIRCLE('',#658,6.);
#660=EDGE_CURVE('',#648,#648,#659,.T.);
#661=ORIENTED_EDGE('',*,*,#660,.T.);
#662=ORIENTED_EDGE('',*,*,#653,.F.);
#663=EDGE_LOOP('',(#646,#654,#661,#662));
#664=FACE_OUTER_BOUND('',#663,.T.);
#665=ADVANCED_FACE('',(#664),#645,.T.);
#666=CARTESIAN_POINT('',(-21.057695154587,-15.,-5.3290705182008E-15));
#667=DIRECTION('',(1.,0.,0.));
#668=DIRECTION('',(0.,-1.,0.));
#669=AXIS2_PLACEMENT_3D('',#666,#668,#667);
#670=PLANE('',#669);
#671=ORIENTED_EDGE('',*,*,#660,.F.);
#672=EDGE_LOOP('',(#671));
#673=FACE_OUTER_BOUND('',#672,.T.);
#674=ADVANCED_FACE('',(#673),#670,.T.);
#675=CARTESIAN_POINT('',(11.85,-50.700000000001,-2.4454036664015E-14));
#676=DIRECTION('',(1.,-4.0352977911348E-17,2.2373787313785E-15));
#677=DIRECTION('',(4.0352977911349E-17,1.,-7.3713108327933E-16));
#678=AXIS2_PLACEMENT_3D('',#675,#677,#676);
#679=CONICAL_SURFACE('',#678,0.,0.78539816339742);
#680=CARTESIAN_POINT('',(27.85,-34.7,-9.80810524822E-17));
#681=VERTEX_POINT('',#680);
#682=CARTESIAN_POINT('',(27.85,-34.7,-9.80810524822E-17));
#683=DIRECTION('',(0.70710678118654,0.70710678118656,2.3117925772026E-16));
#684=VECTOR('',#683,0.42426406871193);
#685=LINE('',#682,#684);
#686=EDGE_CURVE('',#681,#623,#685,.T.);
#687=ORIENTED_EDGE('',*,*,#686,.T.);
#688=ORIENTED_EDGE('',*,*,#635,.F.);
#689=ORIENTED_EDGE('',*,*,#686,.F.);
#690=CARTESIAN_POINT('',(11.85,-34.7,-1.5170968655846E-14));
#691=DIRECTION('',(1.,-1.0990647210786E-15,9.4205547521026E-16));
#692=DIRECTION('',(-1.0990647210786E-15,-1.,-1.0990647210786E-15));
#693=AXIS2_PLACEMENT_3D('',#690,#692,#691);
#694=CIRCLE('',#693,16.);
#695=EDGE_CURVE('',#681,#681,#694,.T.);
#696=ORIENTED_EDGE('',*,*,#695,.F.);
#697=EDGE_LOOP('',(#687,#688,#689,#696));
#698=FACE_OUTER_BOUND('',#697,.T.);
#699=ADVANCED_FACE('',(#698),#679,.T.);
#700=CARTESIAN_POINT('',(-20.15,-0.50000000000003,-6.9));
#701=DIRECTION('',(-1.,7.6094529296798E-17,8.9553974190686E-11));
#702=DIRECTION('',(7.6094529304277E-17,1.,8.3518709737429E-17));
#703=AXIS2_PLACEMENT_3D('',#700,#702,#701);
#704=TOROIDAL_SURFACE('',#703,11.5,0.50000000000001);
#705=CARTESIAN_POINT('',(-31.65,-0.5,-6.9));
#706=DIRECTION('',(-1.,-6.661338147751E-16,-5.3290705182008E-15));
#707=DIRECTION('',(6.0648616126945E-15,-2.512147933894E-15,-1.));
#708=AXIS2_PLACEMENT_3D('',#705,#707,#706);
#709=CIRCLE('',#708,0.5);
#710=EDGE_CURVE('',#499,#38,#709,.T.);
#711=ORIENTED_EDGE('',*,*,#710,.T.);
#712=ORIENTED_EDGE('',*,*,#44,.F.);
#713=CARTESIAN_POINT('',(-20.149997525374,-0.5,-18.4));
#714=DIRECTION('',(7.105427357601E-15,1.,0.));
#715=DIRECTION('',(-0.99999999999998,6.5505067962922E-16,-2.1518491232222E-07));
#716=AXIS2_PLACEMENT_3D('',#713,#715,#714);
#717=CIRCLE('',#716,0.5);
#718=EDGE_CURVE('',#36,#300,#717,.T.);
#719=ORIENTED_EDGE('',*,*,#718,.T.);
#720=ORIENTED_EDGE('',*,*,#543,.F.);
#721=EDGE_LOOP('',(#711,#712,#719,#720));
#722=FACE_OUTER_BOUND('',#721,.T.);
#723=ADVANCED_FACE('',(#722),#704,.T.);
#724=CARTESIAN_POINT('',(-31.65,-0.50000000000002,-6.9));
#725=DIRECTION('',(-0.99999999999993,-3.6550095727779E-07,1.7763568394001E-15));
#726=DIRECTION('',(0.,0.,1.));
#727=AXIS2_PLACEMENT_3D('',#724,#726,#725);
#728=CYLINDRICAL_SURFACE('',#727,0.50000000000006);
#729=ORIENTED_EDGE('',*,*,#710,.F.);
#730=ORIENTED_EDGE('',*,*,#519,.F.);
#731=CARTESIAN_POINT('',(-31.65,-0.5,6.9));
#732=DIRECTION('',(-1.,-6.661338147751E-16,-8.8817841970013E-15));
#733=DIRECTION('',(8.5454490981715E-15,2.11269193823E-15,-1.));
#734=AXIS2_PLACEMENT_3D('',#731,#733,#732);
#735=CIRCLE('',#734,0.5);
#736=EDGE_CURVE('',#466,#47,#735,.T.);
#737=ORIENTED_EDGE('',*,*,#736,.T.);
#738=ORIENTED_EDGE('',*,*,#52,.F.);
#739=EDGE_LOOP('',(#729,#730,#737,#738));
#740=FACE_OUTER_BOUND('',#739,.T.);
#741=ADVANCED_FACE('',(#740),#728,.T.);
#742=CARTESIAN_POINT('',(-20.15,-0.50000000000001,6.9000000000003));
#743=DIRECTION('',(-9.0097920802777E-16,1.4996341569134E-16,1.));
#744=DIRECTION('',(1.0541834174332E-16,1.,-1.4996341569134E-16));
#745=AXIS2_PLACEMENT_3D('',#742,#744,#743);
#746=TOROIDAL_SURFACE('',#745,11.5,0.5);
#747=ORIENTED_EDGE('',*,*,#736,.F.);
#748=ORIENTED_EDGE('',*,*,#488,.F.);
#749=CARTESIAN_POINT('',(-20.15,-0.5,18.4));
#750=DIRECTION('',(-2.1316282072803E-14,2.2204460492503E-15,1.));
#751=DIRECTION('',(-1.,-1.4715821889876E-15,-1.568243690419E-14));
#752=AXIS2_PLACEMENT_3D('',#749,#751,#750);
#753=CIRCLE('',#752,0.5);
#754=EDGE_CURVE('',#435,#55,#753,.T.);
#755=ORIENTED_EDGE('',*,*,#754,.T.);
#756=ORIENTED_EDGE('',*,*,#61,.F.);
#757=EDGE_LOOP('',(#747,#748,#755,#756));
#758=FACE_OUTER_BOUND('',#757,.T.);
#759=ADVANCED_FACE('',(#758),#746,.T.);
#760=CARTESIAN_POINT('',(-20.15,-0.49999999999999,18.4));
#761=DIRECTION('',(0.,-3.6550100934734E-07,0.99999999999993));
#762=DIRECTION('',(1.,-6.3362604383073E-17,8.8156666967754E-17));
#763=AXIS2_PLACEMENT_3D('',#760,#762,#761);
#764=CYLINDRICAL_SURFACE('',#763,0.49999999999994);
#765=ORIENTED_EDGE('',*,*,#754,.F.);
#766=ORIENTED_EDGE('',*,*,#455,.F.);
#767=CARTESIAN_POINT('',(20.15,-0.5,18.4));
#768=DIRECTION('',(-1.4210854715202E-14,2.2204460492503E-15,1.));
#769=DIRECTION('',(-1.,6.7267019765952E-16,-1.3538184517542E-14));
#770=AXIS2_PLACEMENT_3D('',#767,#769,#768);
#771=CIRCLE('',#770,0.5);
#772=EDGE_CURVE('',#403,#64,#771,.T.);
#773=ORIENTED_EDGE('',*,*,#772,.T.);
#774=ORIENTED_EDGE('',*,*,#69,.F.);
#775=EDGE_LOOP('',(#765,#766,#773,#774));
#776=FACE_OUTER_BOUND('',#775,.T.);
#777=ADVANCED_FACE('',(#776),#764,.T.);
#778=CARTESIAN_POINT('',(20.15,-0.50000000000003,6.9));
#779=DIRECTION('',(1.,4.937016451116E-17,7.033699080922E-15));
#780=DIRECTION('',(-4.937016451116E-17,1.,1.7447446347991E-17));
#781=AXIS2_PLACEMENT_3D('',#778,#780,#779);
#782=TOROIDAL_SURFACE('',#781,11.5,0.50000000000001);
#783=ORIENTED_EDGE('',*,*,#772,.F.);
#784=ORIENTED_EDGE('',*,*,#409,.F.);
#785=CARTESIAN_POINT('',(31.65,-0.5,6.9));
#786=DIRECTION('',(1.,-6.661338147751E-16,5.3290705182008E-15));
#787=DIRECTION('',(-6.0648616126945E-15,-2.512147933894E-15,1.));
#788=AXIS2_PLACEMENT_3D('',#785,#787,#786);
#789=CIRCLE('',#788,0.5);
#790=EDGE_CURVE('',#372,#72,#789,.T.);
#791=ORIENTED_EDGE('',*,*,#790,.T.);
#792=ORIENTED_EDGE('',*,*,#78,.F.);
#793=EDGE_LOOP('',(#783,#784,#791,#792));
#794=FACE_OUTER_BOUND('',#793,.T.);
#795=ADVANCED_FACE('',(#794),#782,.T.);
#796=CARTESIAN_POINT('',(31.65,-0.50000000000008,6.9));
#797=DIRECTION('',(1.,-1.3249774166721E-08,-1.7763568393999E-15));
#798=DIRECTION('',(0.,-1.8905975186387E-15,-1.));
#799=AXIS2_PLACEMENT_3D('',#796,#798,#797);
#800=CYLINDRICAL_SURFACE('',#799,0.50000000000009);
#801=ORIENTED_EDGE('',*,*,#790,.F.);
#802=ORIENTED_EDGE('',*,*,#377,.F.);
#803=CARTESIAN_POINT('',(31.65,-0.49999999999999,-6.8999975253736));
#804=DIRECTION('',(0.99999999999998,-1.3988810110292E-14,2.1518491344375E-07));
#805=DIRECTION('',(-2.1518491432725E-07,-9.0219085450957E-15,0.99999999999998));
#806=AXIS2_PLACEMENT_3D('',#803,#805,#804);
#807=CIRCLE('',#806,0.49999999999946);
#808=EDGE_CURVE('',#339,#81,#807,.T.);
#809=ORIENTED_EDGE('',*,*,#808,.T.);
#810=ORIENTED_EDGE('',*,*,#86,.F.);
#811=EDGE_LOOP('',(#801,#802,#809,#810));
#812=FACE_OUTER_BOUND('',#811,.T.);
#813=ADVANCED_FACE('',(#812),#800,.T.);
#814=CARTESIAN_POINT('',(20.15,-0.5,-6.9000000000001));
#815=DIRECTION('',(-1.2798494860199E-07,6.3268281663456E-17,-0.99999999999999));
#816=DIRECTION('',(-6.3729671872944E-17,1.,6.3268289819895E-17));
#817=AXIS2_PLACEMENT_3D('',#814,#816,#815);
#818=TOROIDAL_SURFACE('',#817,11.5,0.5);
#819=ORIENTED_EDGE('',*,*,#808,.F.);
#820=ORIENTED_EDGE('',*,*,#345,.F.);
#821=CARTESIAN_POINT('',(20.15,-0.5,-18.4));
#822=DIRECTION('',(0.,2.2204460492503E-15,-1.));
#823=DIRECTION('',(1.,2.1442523866472E-15,-2.1442523866472E-15));
#824=AXIS2_PLACEMENT_3D('',#821,#823,#822);
#825=CIRCLE('',#824,0.5);
#826=EDGE_CURVE('',#308,#89,#825,.T.);
#827=ORIENTED_EDGE('',*,*,#826,.T.);
#828=ORIENTED_EDGE('',*,*,#95,.F.);
#829=EDGE_LOOP('',(#819,#820,#827,#828));
#830=FACE_OUTER_BOUND('',#829,.T.);
#831=ADVANCED_FACE('',(#830),#818,.T.);
#832=CARTESIAN_POINT('',(20.15,-0.5,-18.4));
#833=DIRECTION('',(0.,-3.6550099036244E-07,-0.99999999999993));
#834=DIRECTION('',(-1.,2.754896011907E-18,0.));
#835=AXIS2_PLACEMENT_3D('',#832,#834,#833);
#836=CYLINDRICAL_SURFACE('',#835,0.50000000000005);
#837=ORIENTED_EDGE('',*,*,#826,.F.);
#838=ORIENTED_EDGE('',*,*,#313,.F.);
#839=ORIENTED_EDGE('',*,*,#718,.F.);
#840=ORIENTED_EDGE('',*,*,#101,.F.);
#841=EDGE_LOOP('',(#837,#838,#839,#840));
#842=FACE_OUTER_BOUND('',#841,.T.);
#843=ADVANCED_FACE('',(#842),#836,.T.);
#844=CARTESIAN_POINT('',(-20.15,-11.5,-18.4));
#845=DIRECTION('',(-7.1054273576017E-15,7.1054273576017E-14,-1.));
#846=DIRECTION('',(1.,0.,0.));
#847=AXIS2_PLACEMENT_3D('',#844,#846,#845);
#848=CYLINDRICAL_SURFACE('',#847,0.49999999999995);
#849=CARTESIAN_POINT('',(20.15,-11.5,-18.4));
#850=DIRECTION('',(0.,-7.105427357601E-15,-1.));
#851=DIRECTION('',(-1.,2.1442523866472E-15,2.1442523866472E-15));
#852=AXIS2_PLACEMENT_3D('',#849,#851,#850);
#853=CIRCLE('',#852,0.5);
#854=EDGE_CURVE('',#316,#158,#853,.T.);
#855=ORIENTED_EDGE('',*,*,#854,.T.);
#856=ORIENTED_EDGE('',*,*,#163,.F.);
#857=CARTESIAN_POINT('',(-20.15,-11.5,-18.4));
#858=DIRECTION('',(-7.105427357601E-15,-1.,-7.105427357601E-15));
#859=DIRECTION('',(1.,-6.4327571599415E-15,-6.4327571599415E-15));
#860=AXIS2_PLACEMENT_3D('',#857,#859,#858);
#861=CIRCLE('',#860,0.5);
#862=EDGE_CURVE('',#156,#298,#861,.T.);
#863=ORIENTED_EDGE('',*,*,#862,.T.);
#864=ORIENTED_EDGE('',*,*,#327,.F.);
#865=EDGE_LOOP('',(#855,#856,#863,#864));
#866=FACE_OUTER_BOUND('',#865,.T.);
#867=ADVANCED_FACE('',(#866),#848,.T.);
#868=CARTESIAN_POINT('',(20.15,-11.5,-6.9));
#869=DIRECTION('',(0.99999999998794,-4.3681316575291E-16,4.9108182626793E-06));
#870=DIRECTION('',(-4.368106489167E-16,-1.,-5.1250959308296E-16));
#871=AXIS2_PLACEMENT_3D('',#868,#870,#869);
#872=TOROIDAL_SURFACE('',#871,11.5,0.49999999999998);
#873=ORIENTED_EDGE('',*,*,#854,.F.);
#874=ORIENTED_EDGE('',*,*,#360,.F.);
#875=CARTESIAN_POINT('',(32.149999999853,-11.5,-6.8999406252863));
#876=CARTESIAN_POINT('',(32.149999999853,-11.707106781187,-6.8999406252863));
#877=CARTESIAN_POINT('',(31.857106781044,-12.,-6.8999421375758));
#878=CARTESIAN_POINT('',(31.64999999986,-12.,-6.899943206926));
#879=(BOUNDED_CURVE()B_SPLINE_CURVE(2,(#875,#876,#877,#878),.UNSPECIFIED.,.F.,.U.)B_SPLINE_CURVE_WITH_KNOTS((3,1,3),(0.,0.5,1.),.UNSPECIFIED.)CURVE()GEOMETRIC_REPRESENTATION_ITEM()RATIONAL_B_SPLINE_CURVE((1.,0.85355339059328,0.85355339059328,1.))REPRESENTATION_ITEM(''));
#880=EDGE_CURVE('',#348,#166,#879,.T.);
#881=ORIENTED_EDGE('',*,*,#880,.T.);
#882=ORIENTED_EDGE('',*,*,#172,.F.);
#883=EDGE_LOOP('',(#873,#874,#881,#882));
#884=FACE_OUTER_BOUND('',#883,.T.);
#885=ADVANCED_FACE('',(#884),#872,.T.);
#886=CARTESIAN_POINT('',(31.64999999986,-12.,-6.899943206926));
#887=CARTESIAN_POINT('',(31.64999999986,-12.,6.9));
#888=CARTESIAN_POINT('',(31.857106781044,-12.,-6.8999421375758));
#889=CARTESIAN_POINT('',(31.857106781044,-12.,6.9000010693502));
#890=CARTESIAN_POINT('',(32.149999999853,-11.707106781187,-6.8999406252863));
#891=CARTESIAN_POINT('',(32.149999999853,-11.707106781187,6.9000025816397));
#892=CARTESIAN_POINT('',(32.149999999853,-11.5,-6.8999406252863));
#893=CARTESIAN_POINT('',(32.149999999853,-11.5,6.9000025816397));
#894=(BOUNDED_SURFACE()B_SPLINE_SURFACE(2,1,((#886,#887),(#888,#889),(#890,#891),(#892,#893)),.SURF_OF_LINEAR_EXTRUSION.,.F.,.F.,.U.)B_SPLINE_SURFACE_WITH_KNOTS((3,1,3),(2,2),(0.,0.41421356237307,0.82842712474615),(0.,13.799943206926),.UNSPECIFIED.)GEOMETRIC_REPRESENTATION_ITEM()RATIONAL_B_SPLINE_SURFACE(((1.,1.),(0.85355339059328,0.85355339059328),(0.85355339059328,0.85355339059328),(1.,1.)))REPRESENTATION_ITEM('')SURFACE());
#895=ORIENTED_EDGE('',*,*,#880,.F.);
#896=ORIENTED_EDGE('',*,*,#391,.F.);
#897=CARTESIAN_POINT('',(31.650000000002,-11.499999999989,6.8999974183603));
#898=DIRECTION('',(0.99999999998667,-2.1998403098927E-11,5.1632793489149E-06));
#899=DIRECTION('',(5.1632793502673E-06,-6.4477710231292E-15,-0.99999999998667));
#900=AXIS2_PLACEMENT_3D('',#897,#899,#898);
#901=CIRCLE('',#900,0.50000000000467);
#902=EDGE_CURVE('',#380,#175,#901,.T.);
#903=ORIENTED_EDGE('',*,*,#902,.T.);
#904=ORIENTED_EDGE('',*,*,#180,.F.);
#905=EDGE_LOOP('',(#895,#896,#903,#904));
#906=FACE_OUTER_BOUND('',#905,.T.);
#907=ADVANCED_FACE('',(#906),#894,.T.);
#908=CARTESIAN_POINT('',(20.15,-11.500000000002,6.8999999999996));
#909=DIRECTION('',(-4.9478928305134E-06,-1.0185721696739E-15,0.99999999998776));
#910=DIRECTION('',(-1.0220867787371E-15,-1.,-1.0185772268622E-15));
#911=AXIS2_PLACEMENT_3D('',#908,#910,#909);
#912=TOROIDAL_SURFACE('',#911,11.500000000002,0.50000000000112);
#913=ORIENTED_EDGE('',*,*,#902,.F.);
#914=ORIENTED_EDGE('',*,*,#424,.F.);
#915=CARTESIAN_POINT('',(20.149940625286,-11.5,18.899999999853));
#916=CARTESIAN_POINT('',(20.149940625286,-11.707106781188,18.899999999853));
#917=CARTESIAN_POINT('',(20.149943721015,-12.,18.607106781052));
#918=CARTESIAN_POINT('',(20.149945910026,-12.,18.399999999873));
#919=(BOUNDED_CURVE()B_SPLINE_CURVE(2,(#915,#916,#917,#918),.UNSPECIFIED.,.F.,.U.)B_SPLINE_CURVE_WITH_KNOTS((3,1,3),(0.,0.5,1.),.UNSPECIFIED.)CURVE()GEOMETRIC_REPRESENTATION_ITEM()RATIONAL_B_SPLINE_CURVE((1.,0.85355339059618,0.85355339059618,1.))REPRESENTATION_ITEM(''));
#920=EDGE_CURVE('',#412,#183,#919,.T.);
#921=ORIENTED_EDGE('',*,*,#920,.T.);
#922=ORIENTED_EDGE('',*,*,#189,.F.);
#923=EDGE_LOOP('',(#913,#914,#921,#922));
#924=FACE_OUTER_BOUND('',#923,.T.);
#925=ADVANCED_FACE('',(#924),#912,.T.);
#926=CARTESIAN_POINT('',(20.149945910026,-12.,18.399999999873));
#927=CARTESIAN_POINT('',(-20.15,-12.,18.399999999873));
#928=CARTESIAN_POINT('',(20.149943721015,-12.,18.607106781052));
#929=CARTESIAN_POINT('',(-20.150002189011,-12.,18.607106781052));
#930=CARTESIAN_POINT('',(20.149940625286,-11.707106781188,18.899999999853));
#931=CARTESIAN_POINT('',(-20.15000528474,-11.707106781188,18.899999999853));
#932=CARTESIAN_POINT('',(20.149940625286,-11.5,18.899999999853));
#933=CARTESIAN_POINT('',(-20.15000528474,-11.5,18.899999999853));
#934=(BOUNDED_SURFACE()B_SPLINE_SURFACE(2,1,((#926,#927),(#928,#929),(#930,#931),(#932,#933)),.SURF_OF_LINEAR_EXTRUSION.,.F.,.F.,.U.)B_SPLINE_SURFACE_WITH_KNOTS((3,1,3),(2,2),(0.,0.4142135623767,0.8284271247534),(0.,40.299945910026),.UNSPECIFIED.)GEOMETRIC_REPRESENTATION_ITEM()RATIONAL_B_SPLINE_SURFACE(((1.,1.),(0.85355339059618,0.85355339059618),(0.85355339059618,0.85355339059618),(1.,1.)))REPRESENTATION_ITEM('')SURFACE());
#935=ORIENTED_EDGE('',*,*,#920,.F.);
#936=ORIENTED_EDGE('',*,*,#448,.F.);
#937=CARTESIAN_POINT('',(-20.15,-11.5,18.4));
#938=DIRECTION('',(2.8421709430405E-14,0.,1.));
#939=DIRECTION('',(1.,1.4511816946377E-14,-3.5034625283447E-14));
#940=AXIS2_PLACEMENT_3D('',#937,#939,#938);
#941=CIRCLE('',#940,0.49999999999999);
#942=EDGE_CURVE('',#437,#192,#941,.T.);
#943=ORIENTED_EDGE('',*,*,#942,.T.);
#944=ORIENTED_EDGE('',*,*,#197,.F.);
#945=EDGE_LOOP('',(#935,#936,#943,#944));
#946=FACE_OUTER_BOUND('',#945,.T.);
#947=ADVANCED_FACE('',(#946),#934,.T.);
#948=CARTESIAN_POINT('',(-20.15,-11.5,6.8999999999998));
#949=DIRECTION('',(-0.99999999999999,-2.768327206036E-15,-1.2798497275565E-07));
#950=DIRECTION('',(2.7683276237759E-15,-1.,-3.2639764371233E-15));
#951=AXIS2_PLACEMENT_3D('',#948,#950,#949);
#952=TOROIDAL_SURFACE('',#951,11.5,0.49999999999998);
#953=ORIENTED_EDGE('',*,*,#942,.F.);
#954=ORIENTED_EDGE('',*,*,#480,.F.);
#955=CARTESIAN_POINT('',(-31.65,-11.5,6.9));
#956=DIRECTION('',(-1.,-3.5527136788005E-15,5.3290705182008E-15));
#957=DIRECTION('',(4.992735419371E-15,1.4400217405705E-15,1.));
#958=AXIS2_PLACEMENT_3D('',#955,#957,#956);
#959=CIRCLE('',#958,0.5);
#960=EDGE_CURVE('',#468,#200,#959,.T.);
#961=ORIENTED_EDGE('',*,*,#960,.T.);
#962=ORIENTED_EDGE('',*,*,#206,.F.);
#963=EDGE_LOOP('',(#953,#954,#961,#962));
#964=FACE_OUTER_BOUND('',#963,.T.);
#965=ADVANCED_FACE('',(#964),#952,.T.);
#966=CARTESIAN_POINT('',(-31.65,-11.5,6.9));
#967=DIRECTION('',(-0.99999999999993,3.6550116888631E-07,5.3290705182003E-15));
#968=DIRECTION('',(-7.2084045656822E-15,-6.3073539949719E-15,-1.));
#969=AXIS2_PLACEMENT_3D('',#966,#968,#967);
#970=CYLINDRICAL_SURFACE('',#969,0.50000000000004);
#971=ORIENTED_EDGE('',*,*,#960,.F.);
#972=ORIENTED_EDGE('',*,*,#512,.F.);
#973=CARTESIAN_POINT('',(-31.65,-11.5,-6.9));
#974=DIRECTION('',(-1.,-3.5527136788005E-15,0.));
#975=DIRECTION('',(-1.8394777362345E-16,-1.9603046130237E-15,1.));
#976=AXIS2_PLACEMENT_3D('',#973,#975,#974);
#977=CIRCLE('',#976,0.5);
#978=EDGE_CURVE('',#501,#209,#977,.T.);
#979=ORIENTED_EDGE('',*,*,#978,.T.);
#980=ORIENTED_EDGE('',*,*,#214,.F.);
#981=EDGE_LOOP('',(#971,#972,#979,#980));
#982=FACE_OUTER_BOUND('',#981,.T.);
#983=ADVANCED_FACE('',(#982),#970,.T.);
#984=CARTESIAN_POINT('',(-20.15,-11.5,-6.8999999999995));
#985=DIRECTION('',(-9.6075186179794E-15,-1.0215270265156E-15,-1.));
#986=DIRECTION('',(1.0215270362822E-15,-1.,1.0215270265156E-15));
#987=AXIS2_PLACEMENT_3D('',#984,#986,#985);
#988=TOROIDAL_SURFACE('',#987,11.5,0.49999999999997);
#989=ORIENTED_EDGE('',*,*,#978,.F.);
#990=ORIENTED_EDGE('',*,*,#535,.F.);
#991=ORIENTED_EDGE('',*,*,#862,.F.);
#992=ORIENTED_EDGE('',*,*,#221,.F.);
#993=EDGE_LOOP('',(#989,#990,#991,#992));
#994=FACE_OUTER_BOUND('',#993,.T.);
#995=ADVANCED_FACE('',(#994),#988,.T.);
#996=CARTESIAN_POINT('',(1.95,-40.738467979431,-1.1188930571079));
#997=DIRECTION('',(0.,0.78944176359923,-0.61382546532817));
#998=DIRECTION('',(1.7529128450971E-17,-0.61382546532817,-0.78944176359923));
#999=AXIS2_PLACEMENT_3D('',#996,#998,#997);
#1000=PLANE('',#999);
#1001=CARTESIAN_POINT('',(-0.55,-40.698461297982,-1.15));
#1002=VERTEX_POINT('',#1001);
#1003=CARTESIAN_POINT('',(-0.55,-41.1,-0.83778611421585));
#1004=VERTEX_POINT('',#1003);
#1005=CARTESIAN_POINT('',(-0.55,-40.698461297982,-1.15));
#1006=DIRECTION('',(0.,-0.78944176359906,0.61382546532838));
#1007=VECTOR('',#1006,0.50863625479781);
#1008=LINE('',#1005,#1007);
#1009=EDGE_CURVE('',#1002,#1004,#1008,.T.);
#1010=ORIENTED_EDGE('',*,*,#1009,.F.);
#1011=CARTESIAN_POINT('',(-0.049999999999995,-40.698461297982,-1.15));
#1012=VERTEX_POINT('',#1011);
#1013=CARTESIAN_POINT('',(-0.049999999999995,-40.698461297982,-1.15));
#1014=CARTESIAN_POINT('',(-0.049999999999995,-40.376935958862,-1.4));
#1015=CARTESIAN_POINT('',(-0.3,-40.376935958862,-1.4));
#1016=CARTESIAN_POINT('',(-0.55,-40.376935958862,-1.4));
#1017=CARTESIAN_POINT('',(-0.55,-40.698461297982,-1.15));
#1018=(BOUNDED_CURVE()B_SPLINE_CURVE(2,(#1013,#1014,#1015,#1016,#1017),.UNSPECIFIED.,.F.,.U.)B_SPLINE_CURVE_WITH_KNOTS((3,2,3),(0.,1.,2.),.UNSPECIFIED.)CURVE()GEOMETRIC_REPRESENTATION_ITEM()RATIONAL_B_SPLINE_CURVE((1.,0.70710678118655,1.,0.70710678118655,1.))REPRESENTATION_ITEM(''));
#1019=EDGE_CURVE('',#1012,#1002,#1018,.T.);
#1020=ORIENTED_EDGE('',*,*,#1019,.F.);
#1021=CARTESIAN_POINT('',(-0.049999999999996,-41.1,-0.83778611421585));
#1022=VERTEX_POINT('',#1021);
#1023=CARTESIAN_POINT('',(-0.049999999999996,-41.1,-0.83778611421585));
#1024=DIRECTION('',(1.9644701154066E-15,0.78944176359906,-0.61382546532838));
#1025=VECTOR('',#1024,0.50863625479781);
#1026=LINE('',#1023,#1025);
#1027=EDGE_CURVE('',#1022,#1012,#1026,.T.);
#1028=ORIENTED_EDGE('',*,*,#1027,.F.);
#1029=CARTESIAN_POINT('',(-0.55,-41.1,-0.83778611421585));
#1030=DIRECTION('',(1.,0.,0.));
#1031=VECTOR('',#1030,0.5);
#1032=LINE('',#1029,#1031);
#1033=EDGE_CURVE('',#1004,#1022,#1032,.T.);
#1034=ORIENTED_EDGE('',*,*,#1033,.F.);
#1035=EDGE_LOOP('',(#1010,#1020,#1028,#1034));
#1036=FACE_OUTER_BOUND('',#1035,.T.);
#1037=ADVANCED_FACE('',(#1036),#1000,.T.);
#1038=CARTESIAN_POINT('',(-1.45,-41.1,-2.2204460492503E-16));
#1039=DIRECTION('',(-1.,0.,-1.5860328923216E-16));
#1040=DIRECTION('',(0.,-1.,-0.));
#1041=AXIS2_PLACEMENT_3D('',#1038,#1040,#1039);
#1042=PLANE('',#1041);
#1043=CARTESIAN_POINT('',(-0.55,-41.1,0.83778611421585));
#1044=VERTEX_POINT('',#1043);
#1045=CARTESIAN_POINT('',(-0.55,-41.1,0.83778611421585));
#1046=DIRECTION('',(0.,0.,-1.));
#1047=VECTOR('',#1046,1.6755722284317);
#1048=LINE('',#1045,#1047);
#1049=EDGE_CURVE('',#1044,#1004,#1048,.T.);
#1050=ORIENTED_EDGE('',*,*,#1049,.T.);
#1051=ORIENTED_EDGE('',*,*,#1033,.T.);
#1052=CARTESIAN_POINT('',(-0.049999999999995,-41.1,0.83778611421585));
#1053=VERTEX_POINT('',#1052);
#1054=CARTESIAN_POINT('',(-0.049999999999996,-41.1,-0.83778611421585));
#1055=DIRECTION('',(5.9633401963094E-16,0.,1.));
#1056=VECTOR('',#1055,1.6755722284317);
#1057=LINE('',#1054,#1056);
#1058=EDGE_CURVE('',#1022,#1053,#1057,.T.);
#1059=ORIENTED_EDGE('',*,*,#1058,.T.);
#1060=CARTESIAN_POINT('',(-0.049999999999995,-41.1,0.83778611421585));
#1061=DIRECTION('',(-1.,0.,0.));
#1062=VECTOR('',#1061,0.5);
#1063=LINE('',#1060,#1062);
#1064=EDGE_CURVE('',#1053,#1044,#1063,.T.);
#1065=ORIENTED_EDGE('',*,*,#1064,.T.);
#1066=EDGE_LOOP('',(#1050,#1051,#1059,#1065));
#1067=FACE_OUTER_BOUND('',#1066,.T.);
#1068=ADVANCED_FACE('',(#1067),#1042,.T.);
#1069=CARTESIAN_POINT('',(1.95,-40.738467979431,1.1188930571079));
#1070=DIRECTION('',(0.,-0.78944176359923,-0.61382546532817));
#1071=DIRECTION('',(-3.5058256901942E-17,-0.61382546532817,0.78944176359923));
#1072=AXIS2_PLACEMENT_3D('',#1069,#1071,#1070);
#1073=PLANE('',#1072);
#1074=ORIENTED_EDGE('',*,*,#1064,.F.);
#1075=CARTESIAN_POINT('',(-0.049999999999995,-40.698461297982,1.15));
#1076=VERTEX_POINT('',#1075);
#1077=CARTESIAN_POINT('',(-0.049999999999995,-40.698461297982,1.15));
#1078=DIRECTION('',(0.,-0.78944176359906,-0.61382546532838));
#1079=VECTOR('',#1078,0.50863625479781);
#1080=LINE('',#1077,#1079);
#1081=EDGE_CURVE('',#1076,#1053,#1080,.T.);
#1082=ORIENTED_EDGE('',*,*,#1081,.F.);
#1083=CARTESIAN_POINT('',(-0.55,-40.698461297982,1.15));
#1084=VERTEX_POINT('',#1083);
#1085=CARTESIAN_POINT('',(-0.54999999999999,-40.698461297982,1.15));
#1086=CARTESIAN_POINT('',(-0.54999999999999,-40.376935958862,1.4));
#1087=CARTESIAN_POINT('',(-0.29999999999999,-40.376935958862,1.4));
#1088=CARTESIAN_POINT('',(-0.049999999999994,-40.376935958862,1.4));
#1089=CARTESIAN_POINT('',(-0.049999999999994,-40.698461297982,1.15));
#1090=(BOUNDED_CURVE()B_SPLINE_CURVE(2,(#1085,#1086,#1087,#1088,#1089),.UNSPECIFIED.,.F.,.U.)B_SPLINE_CURVE_WITH_KNOTS((3,2,3),(0.,1.,2.),.UNSPECIFIED.)CURVE()GEOMETRIC_REPRESENTATION_ITEM()RATIONAL_B_SPLINE_CURVE((1.,0.70710678118655,1.,0.70710678118655,1.))REPRESENTATION_ITEM(''));
#1091=EDGE_CURVE('',#1084,#1076,#1090,.T.);
#1092=ORIENTED_EDGE('',*,*,#1091,.F.);
#1093=CARTESIAN_POINT('',(-0.55,-41.1,0.83778611421585));
#1094=DIRECTION('',(0.,0.78944176359906,0.61382546532838));
#1095=VECTOR('',#1094,0.50863625479781);
#1096=LINE('',#1093,#1095);
#1097=EDGE_CURVE('',#1044,#1084,#1096,.T.);
#1098=ORIENTED_EDGE('',*,*,#1097,.F.);
#1099=EDGE_LOOP('',(#1074,#1082,#1092,#1098));
#1100=FACE_OUTER_BOUND('',#1099,.T.);
#1101=ADVANCED_FACE('',(#1100),#1073,.T.);
#1102=CARTESIAN_POINT('',(21.75,-40.738467979431,-1.1188930571079));
#1103=DIRECTION('',(0.,-0.78944176359923,0.61382546532817));
#1104=DIRECTION('',(-0.,-0.61382546532817,-0.78944176359923));
#1105=AXIS2_PLACEMENT_3D('',#1102,#1104,#1103);
#1106=PLANE('',#1105);
#1107=CARTESIAN_POINT('',(23.75,-41.1,-0.83778611421585));
#1108=VERTEX_POINT('',#1107);
#1109=CARTESIAN_POINT('',(24.25,-41.1,-0.83778611421585));
#1110=VERTEX_POINT('',#1109);
#1111=CARTESIAN_POINT('',(23.75,-41.1,-0.83778611421585));
#1112=DIRECTION('',(1.,0.,0.));
#1113=VECTOR('',#1112,0.5);
#1114=LINE('',#1111,#1113);
#1115=EDGE_CURVE('',#1108,#1110,#1114,.T.);
#1116=ORIENTED_EDGE('',*,*,#1115,.F.);
#1117=CARTESIAN_POINT('',(23.75,-40.698461297982,-1.15));
#1118=VERTEX_POINT('',#1117);
#1119=CARTESIAN_POINT('',(23.75,-40.698461297982,-1.15));
#1120=DIRECTION('',(0.,-0.78944176359906,0.61382546532838));
#1121=VECTOR('',#1120,0.50863625479781);
#1122=LINE('',#1119,#1121);
#1123=EDGE_CURVE('',#1118,#1108,#1122,.T.);
#1124=ORIENTED_EDGE('',*,*,#1123,.F.);
#1125=CARTESIAN_POINT('',(24.25,-40.698461297982,-1.15));
#1126=VERTEX_POINT('',#1125);
#1127=CARTESIAN_POINT('',(24.25,-40.698461297982,-1.15));
#1128=CARTESIAN_POINT('',(24.25,-40.376935958862,-1.4));
#1129=CARTESIAN_POINT('',(24.,-40.376935958862,-1.4));
#1130=CARTESIAN_POINT('',(23.75,-40.376935958862,-1.4));
#1131=CARTESIAN_POINT('',(23.75,-40.698461297982,-1.15));
#1132=(BOUNDED_CURVE()B_SPLINE_CURVE(2,(#1127,#1128,#1129,#1130,#1131),.UNSPECIFIED.,.F.,.U.)B_SPLINE_CURVE_WITH_KNOTS((3,2,3),(0.,1.,2.),.UNSPECIFIED.)CURVE()GEOMETRIC_REPRESENTATION_ITEM()RATIONAL_B_SPLINE_CURVE((1.,0.70710678118655,1.,0.70710678118655,1.))REPRESENTATION_ITEM(''));
#1133=EDGE_CURVE('',#1126,#1118,#1132,.T.);
#1134=ORIENTED_EDGE('',*,*,#1133,.F.);
#1135=CARTESIAN_POINT('',(24.25,-41.1,-0.83778611421585));
#1136=DIRECTION('',(0.,0.78944176359906,-0.61382546532838));
#1137=VECTOR('',#1136,0.50863625479781);
#1138=LINE('',#1135,#1137);
#1139=EDGE_CURVE('',#1110,#1126,#1138,.T.);
#1140=ORIENTED_EDGE('',*,*,#1139,.F.);
#1141=EDGE_LOOP('',(#1116,#1124,#1134,#1140));
#1142=FACE_OUTER_BOUND('',#1141,.T.);
#1143=ADVANCED_FACE('',(#1142),#1106,.T.);
#1144=CARTESIAN_POINT('',(22.85,-41.1,4.2188474935756E-15));
#1145=DIRECTION('',(-1.,0.,-7.9301644616083E-17));
#1146=DIRECTION('',(0.,-1.,-0.));
#1147=AXIS2_PLACEMENT_3D('',#1144,#1146,#1145);
#1148=PLANE('',#1147);
#1149=CARTESIAN_POINT('',(24.25,-41.1,0.83778611421585));
#1150=VERTEX_POINT('',#1149);
#1151=CARTESIAN_POINT('',(24.25,-41.1,-0.83778611421585));
#1152=DIRECTION('',(0.,0.,1.));
#1153=VECTOR('',#1152,1.6755722284317);
#1154=LINE('',#1151,#1153);
#1155=EDGE_CURVE('',#1110,#1150,#1154,.T.);
#1156=ORIENTED_EDGE('',*,*,#1155,.T.);
#1157=CARTESIAN_POINT('',(23.75,-41.1,0.83778611421585));
#1158=VERTEX_POINT('',#1157);
#1159=CARTESIAN_POINT('',(24.25,-41.1,0.83778611421585));
#1160=DIRECTION('',(-1.,0.,0.));
#1161=VECTOR('',#1160,0.5);
#1162=LINE('',#1159,#1161);
#1163=EDGE_CURVE('',#1150,#1158,#1162,.T.);
#1164=ORIENTED_EDGE('',*,*,#1163,.T.);
#1165=CARTESIAN_POINT('',(23.75,-41.1,0.83778611421585));
#1166=DIRECTION('',(0.,0.,-1.));
#1167=VECTOR('',#1166,1.6755722284317);
#1168=LINE('',#1165,#1167);
#1169=EDGE_CURVE('',#1158,#1108,#1168,.T.);
#1170=ORIENTED_EDGE('',*,*,#1169,.T.);
#1171=ORIENTED_EDGE('',*,*,#1115,.T.);
#1172=EDGE_LOOP('',(#1156,#1164,#1170,#1171));
#1173=FACE_OUTER_BOUND('',#1172,.T.);
#1174=ADVANCED_FACE('',(#1173),#1148,.T.);
#1175=CARTESIAN_POINT('',(21.75,-40.738467979431,1.1188930571079));
#1176=DIRECTION('',(0.,0.78944176359923,0.61382546532817));
#1177=DIRECTION('',(0.,-0.61382546532817,0.78944176359923));
#1178=AXIS2_PLACEMENT_3D('',#1175,#1177,#1176);
#1179=PLANE('',#1178);
#1180=CARTESIAN_POINT('',(24.25,-40.698461297982,1.15));
#1181=VERTEX_POINT('',#1180);
#1182=CARTESIAN_POINT('',(24.25,-40.698461297982,1.15));
#1183=DIRECTION('',(0.,-0.78944176359906,-0.61382546532838));
#1184=VECTOR('',#1183,0.50863625479781);
#1185=LINE('',#1182,#1184);
#1186=EDGE_CURVE('',#1181,#1150,#1185,.T.);
#1187=ORIENTED_EDGE('',*,*,#1186,.F.);
#1188=CARTESIAN_POINT('',(23.75,-40.698461297982,1.15));
#1189=VERTEX_POINT('',#1188);
#1190=CARTESIAN_POINT('',(23.75,-40.698461297982,1.15));
#1191=CARTESIAN_POINT('',(23.75,-40.376935958862,1.4));
#1192=CARTESIAN_POINT('',(24.,-40.376935958862,1.4));
#1193=CARTESIAN_POINT('',(24.25,-40.376935958862,1.4));
#1194=CARTESIAN_POINT('',(24.25,-40.698461297982,1.15));
#1195=(BOUNDED_CURVE()B_SPLINE_CURVE(2,(#1190,#1191,#1192,#1193,#1194),.UNSPECIFIED.,.F.,.U.)B_SPLINE_CURVE_WITH_KNOTS((3,2,3),(0.,1.,2.),.UNSPECIFIED.)CURVE()GEOMETRIC_REPRESENTATION_ITEM()RATIONAL_B_SPLINE_CURVE((1.,0.70710678118655,1.,0.70710678118655,1.))REPRESENTATION_ITEM(''));
#1196=EDGE_CURVE('',#1189,#1181,#1195,.T.);
#1197=ORIENTED_EDGE('',*,*,#1196,.F.);
#1198=CARTESIAN_POINT('',(23.75,-41.1,0.83778611421585));
#1199=DIRECTION('',(0.,0.78944176359906,0.61382546532838));
#1200=VECTOR('',#1199,0.50863625479781);
#1201=LINE('',#1198,#1200);
#1202=EDGE_CURVE('',#1158,#1189,#1201,.T.);
#1203=ORIENTED_EDGE('',*,*,#1202,.F.);
#1204=ORIENTED_EDGE('',*,*,#1163,.F.);
#1205=EDGE_LOOP('',(#1187,#1197,#1203,#1204));
#1206=FACE_OUTER_BOUND('',#1205,.T.);
#1207=ADVANCED_FACE('',(#1206),#1179,.T.);
#1208=CARTESIAN_POINT('',(10.845190528383,-37.7,-3.5527136788005E-15));
#1209=DIRECTION('',(1.,0.,0.));
#1210=DIRECTION('',(0.,-1.,0.));
#1211=AXIS2_PLACEMENT_3D('',#1208,#1210,#1209);
#1212=PLANE('',#1211);
#1213=CARTESIAN_POINT('',(15.6,-37.7,0.));
#1214=VERTEX_POINT('',#1213);
#1215=CARTESIAN_POINT('',(11.85,-37.7,-1.256073966947E-15));
#1216=DIRECTION('',(1.,0.,3.3495305785254E-16));
#1217=DIRECTION('',(0.,-1.,0.));
#1218=AXIS2_PLACEMENT_3D('',#1215,#1217,#1216);
#1219=CIRCLE('',#1218,3.75);
#1220=EDGE_CURVE('',#1214,#1214,#1219,.T.);
#1221=ORIENTED_EDGE('',*,*,#1220,.T.);
#1222=EDGE_LOOP('',(#1221));
#1223=FACE_OUTER_BOUND('',#1222,.T.);
#1224=ADVANCED_FACE('',(#1223),#1212,.T.);
#1225=CARTESIAN_POINT('',(11.786351338011,-34.7,-7.105427357601E-15));
#1226=DIRECTION('',(1.,0.,0.));
#1227=DIRECTION('',(0.,-1.,0.));
#1228=AXIS2_PLACEMENT_3D('',#1225,#1227,#1226);
#1229=PLANE('',#1228);
#1230=ORIENTED_EDGE('',*,*,#695,.T.);
#1231=EDGE_LOOP('',(#1230));
#1232=FACE_OUTER_BOUND('',#1231,.T.);
#1233=CARTESIAN_POINT('',(27.1,-34.7,6.1232339957368E-17));
#1234=VERTEX_POINT('',#1233);
#1235=CARTESIAN_POINT('',(11.85,-34.7,-1.1243433362566E-14));
#1236=DIRECTION('',(1.,-1.6473101205863E-16,7.4128955426382E-16));
#1237=DIRECTION('',(-1.6473101205863E-16,-1.,-1.6473101205863E-16));
#1238=AXIS2_PLACEMENT_3D('',#1235,#1237,#1236);
#1239=CIRCLE('',#1238,15.25);
#1240=EDGE_CURVE('',#1234,#1234,#1239,.T.);
#1241=ORIENTED_EDGE('',*,*,#1240,.F.);
#1242=EDGE_LOOP('',(#1241));
#1243=FACE_BOUND('',#1242,.T.);
#1244=ADVANCED_FACE('',(#1232,#1243),#1229,.T.);
#1245=CARTESIAN_POINT('',(11.85,-35.7,-5.3290705182008E-15));
#1246=DIRECTION('',(1.,-1.863718651174E-15,3.4944724709513E-16));
#1247=DIRECTION('',(0.,1.,6.1232339957368E-17));
#1248=AXIS2_PLACEMENT_3D('',#1245,#1247,#1246);
#1249=CYLINDRICAL_SURFACE('',#1248,15.25);
#1250=CARTESIAN_POINT('',(27.1,-35.7,0.));
#1251=VERTEX_POINT('',#1250);
#1252=CARTESIAN_POINT('',(11.85,-35.7,1.1304665702523E-14));
#1253=DIRECTION('',(1.,-0.,-7.4128955426382E-16));
#1254=DIRECTION('',(0.,1.,0.));
#1255=AXIS2_PLACEMENT_3D('',#1252,#1254,#1253);
#1256=CIRCLE('',#1255,15.25);
#1257=EDGE_CURVE('',#1251,#1251,#1256,.T.);
#1258=ORIENTED_EDGE('',*,*,#1257,.T.);
#1259=CARTESIAN_POINT('',(27.1,-35.7,0.));
#1260=DIRECTION('',(0.,1.,6.1232339957368E-17));
#1261=VECTOR('',#1260,1.);
#1262=LINE('',#1259,#1261);
#1263=EDGE_CURVE('',#1251,#1234,#1262,.T.);
#1264=ORIENTED_EDGE('',*,*,#1263,.T.);
#1265=ORIENTED_EDGE('',*,*,#1240,.T.);
#1266=ORIENTED_EDGE('',*,*,#1263,.F.);
#1267=EDGE_LOOP('',(#1258,#1264,#1265,#1266));
#1268=FACE_OUTER_BOUND('',#1267,.T.);
#1269=ADVANCED_FACE('',(#1268),#1249,.T.);
#1270=CARTESIAN_POINT('',(11.85,-36.5,5.3290705182008E-15));
#1271=DIRECTION('',(1.,0.,-1.4210854715202E-15));
#1272=DIRECTION('',(0.,-1.,0.));
#1273=AXIS2_PLACEMENT_3D('',#1270,#1272,#1271);
#1274=CYLINDRICAL_SURFACE('',#1273,3.75);
#1275=ORIENTED_EDGE('',*,*,#1220,.F.);
#1276=CARTESIAN_POINT('',(15.6,-36.5,1.2295136764968E-29));
#1277=VERTEX_POINT('',#1276);
#1278=CARTESIAN_POINT('',(15.6,-36.5,0.));
#1279=DIRECTION('',(0.,-1.,0.));
#1280=VECTOR('',#1279,1.2);
#1281=LINE('',#1278,#1280);
#1282=EDGE_CURVE('',#1277,#1214,#1281,.T.);
#1283=ORIENTED_EDGE('',*,*,#1282,.F.);
#1284=CARTESIAN_POINT('',(11.85,-36.5,2.5121479338941E-15));
#1285=DIRECTION('',(1.,-2.0097183471152E-15,-6.6990611570507E-16));
#1286=DIRECTION('',(2.0097183471152E-15,1.,-2.0097183471152E-15));
#1287=AXIS2_PLACEMENT_3D('',#1284,#1286,#1285);
#1288=CIRCLE('',#1287,3.75);
#1289=EDGE_CURVE('',#1277,#1277,#1288,.T.);
#1290=ORIENTED_EDGE('',*,*,#1289,.F.);
#1291=ORIENTED_EDGE('',*,*,#1282,.T.);
#1292=EDGE_LOOP('',(#1275,#1283,#1290,#1291));
#1293=FACE_OUTER_BOUND('',#1292,.T.);
#1294=ADVANCED_FACE('',(#1293),#1274,.T.);
#1295=CARTESIAN_POINT('',(11.786602540378,-35.7,0.));
#1296=DIRECTION('',(1.,0.,0.));
#1297=DIRECTION('',(0.,-1.,0.));
#1298=AXIS2_PLACEMENT_3D('',#1295,#1297,#1296);
#1299=PLANE('',#1298);
#1300=ORIENTED_EDGE('',*,*,#1257,.F.);
#1301=EDGE_LOOP('',(#1300));
#1302=FACE_OUTER_BOUND('',#1301,.T.);
#1303=CARTESIAN_POINT('',(21.480680142129,-35.7,-11.5));
#1304=VERTEX_POINT('',#1303);
#1305=CARTESIAN_POINT('',(2.2193198578709,-35.7,-11.5));
#1306=VERTEX_POINT('',#1305);
#1307=CARTESIAN_POINT('',(11.85,-35.7,-2.6201263381154E-14));
#1308=DIRECTION('',(0.64204534280861,2.368475785867E-15,-0.76666666666667));
#1309=DIRECTION('',(2.3696395078681E-15,-1.,-6.3678830677649E-16));
#1310=AXIS2_PLACEMENT_3D('',#1307,#1309,#1308);
#1311=CIRCLE('',#1310,15.);
#1312=EDGE_CURVE('',#1304,#1306,#1311,.T.);
#1313=ORIENTED_EDGE('',*,*,#1312,.F.);
#1314=CARTESIAN_POINT('',(2.2193198578709,-35.7,-11.5));
#1315=DIRECTION('',(1.,0.,0.));
#1316=VECTOR('',#1315,19.261360284258);
#1317=LINE('',#1314,#1316);
#1318=EDGE_CURVE('',#1306,#1304,#1317,.T.);
#1319=ORIENTED_EDGE('',*,*,#1318,.F.);
#1320=EDGE_LOOP('',(#1313,#1319));
#1321=FACE_BOUND('',#1320,.T.);
#1322=ADVANCED_FACE('',(#1302,#1321),#1299,.T.);
#1323=CARTESIAN_POINT('',(11.85,-35.675,-9.3));
#1324=DIRECTION('',(-1.,0.,5.7487276355995E-16));
#1325=DIRECTION('',(-5.7487276355995E-16,3.1420897394912E-31,-1.));
#1326=AXIS2_PLACEMENT_3D('',#1323,#1325,#1324);
#1327=PLANE('',#1326);
#1328=CARTESIAN_POINT('',(10.305,-37.3,-9.3));
#1329=VERTEX_POINT('',#1328);
#1330=CARTESIAN_POINT('',(10.905,-37.3,-9.3));
#1331=VERTEX_POINT('',#1330);
#1332=CARTESIAN_POINT('',(10.305,-37.3,-9.3));
#1333=DIRECTION('',(1.,0.,-2.9605947323337E-15));
#1334=VECTOR('',#1333,0.6);
#1335=LINE('',#1332,#1334);
#1336=EDGE_CURVE('',#1329,#1331,#1335,.T.);
#1337=ORIENTED_EDGE('',*,*,#1336,.F.);
#1338=CARTESIAN_POINT('',(10.305,-36.5,-9.3));
#1339=VERTEX_POINT('',#1338);
#1340=CARTESIAN_POINT('',(10.305,-37.3,-9.3));
#1341=DIRECTION('',(0.,1.,0.));
#1342=VECTOR('',#1341,0.8);
#1343=LINE('',#1340,#1342);
#1344=EDGE_CURVE('',#1329,#1339,#1343,.T.);
#1345=ORIENTED_EDGE('',*,*,#1344,.T.);
#1346=CARTESIAN_POINT('',(10.905,-36.5,-9.3));
#1347=VERTEX_POINT('',#1346);
#1348=CARTESIAN_POINT('',(10.305,-36.5,-9.3));
#1349=DIRECTION('',(1.,0.,0.));
#1350=VECTOR('',#1349,0.6);
#1351=LINE('',#1348,#1350);
#1352=EDGE_CURVE('',#1339,#1347,#1351,.T.);
#1353=ORIENTED_EDGE('',*,*,#1352,.T.);
#1354=CARTESIAN_POINT('',(10.905,-36.5,-9.3));
#1355=DIRECTION('',(0.,-1.,-2.2204460492503E-15));
#1356=VECTOR('',#1355,0.8);
#1357=LINE('',#1354,#1356);
#1358=EDGE_CURVE('',#1347,#1331,#1357,.T.);
#1359=ORIENTED_EDGE('',*,*,#1358,.T.);
#1360=EDGE_LOOP('',(#1337,#1345,#1353,#1359));
#1361=FACE_OUTER_BOUND('',#1360,.T.);
#1362=ADVANCED_FACE('',(#1361),#1327,.T.);
#1363=CARTESIAN_POINT('',(10.305,-35.221825790405,-7.68));
#1364=DIRECTION('',(-4.2738400640307E-16,-1.,0.));
#1365=DIRECTION('',(-1.,4.2738400640307E-16,0.));
#1366=AXIS2_PLACEMENT_3D('',#1363,#1365,#1364);
#1367=PLANE('',#1366);
#1368=CARTESIAN_POINT('',(10.305,-37.3,-8.7));
#1369=VERTEX_POINT('',#1368);
#1370=CARTESIAN_POINT('',(10.305,-37.3,-8.7));
#1371=DIRECTION('',(-2.9605947323338E-15,0.,-1.));
#1372=VECTOR('',#1371,0.6);
#1373=LINE('',#1370,#1372);
#1374=EDGE_CURVE('',#1369,#1329,#1373,.T.);
#1375=ORIENTED_EDGE('',*,*,#1374,.F.);
#1376=CARTESIAN_POINT('',(10.305,-36.5,-8.7));
#1377=VERTEX_POINT('',#1376);
#1378=CARTESIAN_POINT('',(10.305,-36.5,-8.7));
#1379=DIRECTION('',(0.,-1.,0.));
#1380=VECTOR('',#1379,0.8);
#1381=LINE('',#1378,#1380);
#1382=EDGE_CURVE('',#1377,#1369,#1381,.T.);
#1383=ORIENTED_EDGE('',*,*,#1382,.F.);
#1384=CARTESIAN_POINT('',(10.305,-36.5,-8.7));
#1385=DIRECTION('',(2.9605947323338E-15,0.,-1.));
#1386=VECTOR('',#1385,0.6);
#1387=LINE('',#1384,#1386);
#1388=EDGE_CURVE('',#1377,#1339,#1387,.T.);
#1389=ORIENTED_EDGE('',*,*,#1388,.T.);
#1390=ORIENTED_EDGE('',*,*,#1344,.F.);
#1391=EDGE_LOOP('',(#1375,#1383,#1389,#1390));
#1392=FACE_OUTER_BOUND('',#1391,.T.);
#1393=ADVANCED_FACE('',(#1392),#1367,.T.);
#1394=CARTESIAN_POINT('',(11.85,-38.575,-8.7));
#1395=DIRECTION('',(1.,0.,-2.0128689398303E-16));
#1396=DIRECTION('',(2.0128689398303E-16,-1.9628252369064E-16,1.));
#1397=AXIS2_PLACEMENT_3D('',#1394,#1396,#1395);
#1398=PLANE('',#1397);
#1399=CARTESIAN_POINT('',(20.675,-43.1,-8.7));
#1400=VERTEX_POINT('',#1399);
#1401=CARTESIAN_POINT('',(3.025,-43.1,-8.7));
#1402=VERTEX_POINT('',#1401);
#1403=CARTESIAN_POINT('',(20.675,-43.1,-8.7));
#1404=DIRECTION('',(-1.,0.,2.0128689398303E-16));
#1405=VECTOR('',#1404,17.65);
#1406=LINE('',#1403,#1405);
#1407=EDGE_CURVE('',#1400,#1402,#1406,.T.);
#1408=ORIENTED_EDGE('',*,*,#1407,.F.);
#1409=CARTESIAN_POINT('',(20.675,-37.3,-8.7));
#1410=VERTEX_POINT('',#1409);
#1411=CARTESIAN_POINT('',(20.675,-37.3,-8.7));
#1412=DIRECTION('',(-6.125368411725E-16,-1.,0.));
#1413=VECTOR('',#1412,5.8);
#1414=LINE('',#1411,#1413);
#1415=EDGE_CURVE('',#1410,#1400,#1414,.T.);
#1416=ORIENTED_EDGE('',*,*,#1415,.F.);
#1417=CARTESIAN_POINT('',(18.345,-37.3,-8.7));
#1418=VERTEX_POINT('',#1417);
#1419=CARTESIAN_POINT('',(18.345,-37.3,-8.7));
#1420=DIRECTION('',(1.,0.,0.));
#1421=VECTOR('',#1420,2.33);
#1422=LINE('',#1419,#1421);
#1423=EDGE_CURVE('',#1418,#1410,#1422,.T.);
#1424=ORIENTED_EDGE('',*,*,#1423,.F.);
#1425=CARTESIAN_POINT('',(18.345,-36.5,-8.7));
#1426=VERTEX_POINT('',#1425);
#1427=CARTESIAN_POINT('',(18.345,-36.5,-8.7));
#1428=DIRECTION('',(0.,-1.,0.));
#1429=VECTOR('',#1428,0.8);
#1430=LINE('',#1427,#1429);
#1431=EDGE_CURVE('',#1426,#1418,#1430,.T.);
#1432=ORIENTED_EDGE('',*,*,#1431,.F.);
#1433=CARTESIAN_POINT('',(17.745,-36.5,-8.7));
#1434=VERTEX_POINT('',#1433);
#1435=CARTESIAN_POINT('',(18.345,-36.5,-8.7));
#1436=DIRECTION('',(-1.,0.,-2.9605947323337E-15));
#1437=VECTOR('',#1436,0.6);
#1438=LINE('',#1435,#1437);
#1439=EDGE_CURVE('',#1426,#1434,#1438,.T.);
#1440=ORIENTED_EDGE('',*,*,#1439,.T.);
#1441=CARTESIAN_POINT('',(17.745,-37.3,-8.7));
#1442=VERTEX_POINT('',#1441);
#1443=CARTESIAN_POINT('',(17.745,-36.5,-8.7));
#1444=DIRECTION('',(0.,-1.,-2.2204460492503E-15));
#1445=VECTOR('',#1444,0.8);
#1446=LINE('',#1443,#1445);
#1447=EDGE_CURVE('',#1434,#1442,#1446,.T.);
#1448=ORIENTED_EDGE('',*,*,#1447,.T.);
#1449=CARTESIAN_POINT('',(15.865,-37.3,-8.7));
#1450=VERTEX_POINT('',#1449);
#1451=CARTESIAN_POINT('',(15.865,-37.3,-8.7));
#1452=DIRECTION('',(1.,0.,-9.4487065925545E-16));
#1453=VECTOR('',#1452,1.88);
#1454=LINE('',#1451,#1453);
#1455=EDGE_CURVE('',#1450,#1442,#1454,.T.);
#1456=ORIENTED_EDGE('',*,*,#1455,.F.);
#1457=CARTESIAN_POINT('',(15.865,-36.5,-8.7));
#1458=VERTEX_POINT('',#1457);
#1459=CARTESIAN_POINT('',(15.865,-37.3,-8.7));
#1460=DIRECTION('',(0.,1.,0.));
#1461=VECTOR('',#1460,0.8);
#1462=LINE('',#1459,#1461);
#1463=EDGE_CURVE('',#1450,#1458,#1462,.T.);
#1464=ORIENTED_EDGE('',*,*,#1463,.T.);
#1465=CARTESIAN_POINT('',(15.265,-36.5,-8.7));
#1466=VERTEX_POINT('',#1465);
#1467=CARTESIAN_POINT('',(15.865,-36.5,-8.7));
#1468=DIRECTION('',(-1.,0.,0.));
#1469=VECTOR('',#1468,0.6);
#1470=LINE('',#1467,#1469);
#1471=EDGE_CURVE('',#1458,#1466,#1470,.T.);
#1472=ORIENTED_EDGE('',*,*,#1471,.T.);
#1473=CARTESIAN_POINT('',(15.265,-37.3,-8.7));
#1474=VERTEX_POINT('',#1473);
#1475=CARTESIAN_POINT('',(15.265,-36.5,-8.7));
#1476=DIRECTION('',(0.,-1.,0.));
#1477=VECTOR('',#1476,0.8);
#1478=LINE('',#1475,#1477);
#1479=EDGE_CURVE('',#1466,#1474,#1478,.T.);
#1480=ORIENTED_EDGE('',*,*,#1479,.T.);
#1481=CARTESIAN_POINT('',(13.385,-37.3,-8.7));
#1482=VERTEX_POINT('',#1481);
#1483=CARTESIAN_POINT('',(13.385,-37.3,-8.7));
#1484=DIRECTION('',(1.,0.,0.));
#1485=VECTOR('',#1484,1.88);
#1486=LINE('',#1483,#1485);
#1487=EDGE_CURVE('',#1482,#1474,#1486,.T.);
#1488=ORIENTED_EDGE('',*,*,#1487,.F.);
#1489=CARTESIAN_POINT('',(13.385,-36.5,-8.7));
#1490=VERTEX_POINT('',#1489);
#1491=CARTESIAN_POINT('',(13.385,-37.3,-8.7));
#1492=DIRECTION('',(0.,1.,0.));
#1493=VECTOR('',#1492,0.8);
#1494=LINE('',#1491,#1493);
#1495=EDGE_CURVE('',#1482,#1490,#1494,.T.);
#1496=ORIENTED_EDGE('',*,*,#1495,.T.);
#1497=CARTESIAN_POINT('',(12.785,-36.5,-8.7));
#1498=VERTEX_POINT('',#1497);
#1499=CARTESIAN_POINT('',(13.385,-36.5,-8.7));
#1500=DIRECTION('',(-1.,0.,0.));
#1501=VECTOR('',#1500,0.6);
#1502=LINE('',#1499,#1501);
#1503=EDGE_CURVE('',#1490,#1498,#1502,.T.);
#1504=ORIENTED_EDGE('',*,*,#1503,.T.);
#1505=CARTESIAN_POINT('',(12.785,-37.3,-8.7));
#1506=VERTEX_POINT('',#1505);
#1507=CARTESIAN_POINT('',(12.785,-36.5,-8.7));
#1508=DIRECTION('',(-2.2204460492503E-15,-1.,0.));
#1509=VECTOR('',#1508,0.8);
#1510=LINE('',#1507,#1509);
#1511=EDGE_CURVE('',#1498,#1506,#1510,.T.);
#1512=ORIENTED_EDGE('',*,*,#1511,.T.);
#1513=CARTESIAN_POINT('',(10.905,-37.3,-8.7));
#1514=VERTEX_POINT('',#1513);
#1515=CARTESIAN_POINT('',(10.905,-37.3,-8.7));
#1516=DIRECTION('',(1.,0.,0.));
#1517=VECTOR('',#1516,1.88);
#1518=LINE('',#1515,#1517);
#1519=EDGE_CURVE('',#1514,#1506,#1518,.T.);
#1520=ORIENTED_EDGE('',*,*,#1519,.F.);
#1521=CARTESIAN_POINT('',(10.905,-36.5,-8.7));
#1522=VERTEX_POINT('',#1521);
#1523=CARTESIAN_POINT('',(10.905,-37.3,-8.7));
#1524=DIRECTION('',(0.,1.,0.));
#1525=VECTOR('',#1524,0.8);
#1526=LINE('',#1523,#1525);
#1527=EDGE_CURVE('',#1514,#1522,#1526,.T.);
#1528=ORIENTED_EDGE('',*,*,#1527,.T.);
#1529=CARTESIAN_POINT('',(10.905,-36.5,-8.7));
#1530=DIRECTION('',(-1.,0.,-2.9605947323338E-15));
#1531=VECTOR('',#1530,0.6);
#1532=LINE('',#1529,#1531);
#1533=EDGE_CURVE('',#1522,#1377,#1532,.T.);
#1534=ORIENTED_EDGE('',*,*,#1533,.T.);
#1535=ORIENTED_EDGE('',*,*,#1382,.T.);
#1536=CARTESIAN_POINT('',(8.425,-37.3,-8.7));
#1537=VERTEX_POINT('',#1536);
#1538=CARTESIAN_POINT('',(8.425,-37.3,-8.7));
#1539=DIRECTION('',(1.,-3.7794826370218E-15,-9.4487065925545E-16));
#1540=VECTOR('',#1539,1.88);
#1541=LINE('',#1538,#1540);
#1542=EDGE_CURVE('',#1537,#1369,#1541,.T.);
#1543=ORIENTED_EDGE('',*,*,#1542,.F.);
#1544=CARTESIAN_POINT('',(8.425,-36.5,-8.7));
#1545=VERTEX_POINT('',#1544);
#1546=CARTESIAN_POINT('',(8.425,-37.3,-8.7));
#1547=DIRECTION('',(0.,1.,0.));
#1548=VECTOR('',#1547,0.8);
#1549=LINE('',#1546,#1548);
#1550=EDGE_CURVE('',#1537,#1545,#1549,.T.);
#1551=ORIENTED_EDGE('',*,*,#1550,.T.);
#1552=CARTESIAN_POINT('',(7.825,-36.5,-8.7));
#1553=VERTEX_POINT('',#1552);
#1554=CARTESIAN_POINT('',(8.425,-36.5,-8.7));
#1555=DIRECTION('',(-1.,0.,0.));
#1556=VECTOR('',#1555,0.6);
#1557=LINE('',#1554,#1556);
#1558=EDGE_CURVE('',#1545,#1553,#1557,.T.);
#1559=ORIENTED_EDGE('',*,*,#1558,.T.);
#1560=CARTESIAN_POINT('',(7.825,-37.3,-8.7));
#1561=VERTEX_POINT('',#1560);
#1562=CARTESIAN_POINT('',(7.825,-36.5,-8.7));
#1563=DIRECTION('',(0.,-1.,0.));
#1564=VECTOR('',#1563,0.8);
#1565=LINE('',#1562,#1564);
#1566=EDGE_CURVE('',#1553,#1561,#1565,.T.);
#1567=ORIENTED_EDGE('',*,*,#1566,.T.);
#1568=CARTESIAN_POINT('',(5.945,-37.3,-8.7));
#1569=VERTEX_POINT('',#1568);
#1570=CARTESIAN_POINT('',(5.945,-37.3,-8.7));
#1571=DIRECTION('',(1.,0.,0.));
#1572=VECTOR('',#1571,1.88);
#1573=LINE('',#1570,#1572);
#1574=EDGE_CURVE('',#1569,#1561,#1573,.T.);
#1575=ORIENTED_EDGE('',*,*,#1574,.F.);
#1576=CARTESIAN_POINT('',(5.945,-36.5,-8.7));
#1577=VERTEX_POINT('',#1576);
#1578=CARTESIAN_POINT('',(5.945,-37.3,-8.7));
#1579=DIRECTION('',(0.,1.,0.));
#1580=VECTOR('',#1579,0.8);
#1581=LINE('',#1578,#1580);
#1582=EDGE_CURVE('',#1569,#1577,#1581,.T.);
#1583=ORIENTED_EDGE('',*,*,#1582,.T.);
#1584=CARTESIAN_POINT('',(5.355,-36.5,-8.7));
#1585=VERTEX_POINT('',#1584);
#1586=CARTESIAN_POINT('',(5.945,-36.5,-8.7));
#1587=DIRECTION('',(-1.,0.,0.));
#1588=VECTOR('',#1587,0.59);
#1589=LINE('',#1586,#1588);
#1590=EDGE_CURVE('',#1577,#1585,#1589,.T.);
#1591=ORIENTED_EDGE('',*,*,#1590,.T.);
#1592=CARTESIAN_POINT('',(5.355,-37.3,-8.7));
#1593=VERTEX_POINT('',#1592);
#1594=CARTESIAN_POINT('',(5.355,-37.3,-8.7));
#1595=DIRECTION('',(0.,1.,0.));
#1596=VECTOR('',#1595,0.8);
#1597=LINE('',#1594,#1596);
#1598=EDGE_CURVE('',#1593,#1585,#1597,.T.);
#1599=ORIENTED_EDGE('',*,*,#1598,.F.);
#1600=CARTESIAN_POINT('',(3.025,-37.3,-8.7));
#1601=VERTEX_POINT('',#1600);
#1602=CARTESIAN_POINT('',(3.025,-37.3,-8.7));
#1603=DIRECTION('',(1.,0.,0.));
#1604=VECTOR('',#1603,2.33);
#1605=LINE('',#1602,#1604);
#1606=EDGE_CURVE('',#1601,#1593,#1605,.T.);
#1607=ORIENTED_EDGE('',*,*,#1606,.F.);
#1608=CARTESIAN_POINT('',(3.025,-43.1,-8.7));
#1609=DIRECTION('',(3.0626842058625E-16,1.,0.));
#1610=VECTOR('',#1609,5.8);
#1611=LINE('',#1608,#1610);
#1612=EDGE_CURVE('',#1402,#1601,#1611,.T.);
#1613=ORIENTED_EDGE('',*,*,#1612,.F.);
#1614=EDGE_LOOP('',(#1408,#1416,#1424,#1432,#1440,#1448,#1456,#1464,#1472,#1480,#1488,#1496,#1504,#1512,#1520,#1528,#1534,#1535,#1543,#1551,#1559,#1567,#1575,#1583,#1591,#1599,#1607,#1613));
#1615=FACE_OUTER_BOUND('',#1614,.T.);
#1616=ADVANCED_FACE('',(#1615),#1398,.T.);
#1617=CARTESIAN_POINT('',(10.905,-35.221825790405,-7.68));
#1618=DIRECTION('',(0.,1.,4.2738400640307E-16));
#1619=DIRECTION('',(1.,0.,0.));
#1620=AXIS2_PLACEMENT_3D('',#1617,#1619,#1618);
#1621=PLANE('',#1620);
#1622=CARTESIAN_POINT('',(10.905,-37.3,-9.3));
#1623=DIRECTION('',(0.,0.,1.));
#1624=VECTOR('',#1623,0.6);
#1625=LINE('',#1622,#1624);
#1626=EDGE_CURVE('',#1331,#1514,#1625,.T.);
#1627=ORIENTED_EDGE('',*,*,#1626,.F.);
#1628=ORIENTED_EDGE('',*,*,#1358,.F.);
#1629=CARTESIAN_POINT('',(10.905,-36.5,-9.3));
#1630=DIRECTION('',(0.,0.,1.));
#1631=VECTOR('',#1630,0.59999999999999);
#1632=LINE('',#1629,#1631);
#1633=EDGE_CURVE('',#1347,#1522,#1632,.T.);
#1634=ORIENTED_EDGE('',*,*,#1633,.T.);
#1635=ORIENTED_EDGE('',*,*,#1527,.F.);
#1636=EDGE_LOOP('',(#1627,#1628,#1634,#1635));
#1637=FACE_OUTER_BOUND('',#1636,.T.);
#1638=ADVANCED_FACE('',(#1637),#1621,.T.);
#1639=CARTESIAN_POINT('',(11.85,-35.675,-9.3));
#1640=DIRECTION('',(-1.,8.8266178355292E-16,2.2066544588823E-16));
#1641=DIRECTION('',(-2.2066544588823E-16,1.2060940739165E-31,-1.));
#1642=AXIS2_PLACEMENT_3D('',#1639,#1641,#1640);
#1643=PLANE('',#1642);
#1644=CARTESIAN_POINT('',(7.825,-37.3,-9.3));
#1645=VERTEX_POINT('',#1644);
#1646=CARTESIAN_POINT('',(8.425,-37.3,-9.3));
#1647=VERTEX_POINT('',#1646);
#1648=CARTESIAN_POINT('',(7.825,-37.3,-9.3));
#1649=DIRECTION('',(1.,0.,0.));
#1650=VECTOR('',#1649,0.6);
#1651=LINE('',#1648,#1650);
#1652=EDGE_CURVE('',#1645,#1647,#1651,.T.);
#1653=ORIENTED_EDGE('',*,*,#1652,.F.);
#1654=CARTESIAN_POINT('',(7.825,-36.5,-9.3));
#1655=VERTEX_POINT('',#1654);
#1656=CARTESIAN_POINT('',(7.825,-37.3,-9.3));
#1657=DIRECTION('',(0.,1.,0.));
#1658=VECTOR('',#1657,0.8);
#1659=LINE('',#1656,#1658);
#1660=EDGE_CURVE('',#1645,#1655,#1659,.T.);
#1661=ORIENTED_EDGE('',*,*,#1660,.T.);
#1662=CARTESIAN_POINT('',(8.425,-36.5,-9.3));
#1663=VERTEX_POINT('',#1662);
#1664=CARTESIAN_POINT('',(7.825,-36.5,-9.3));
#1665=DIRECTION('',(1.,0.,0.));
#1666=VECTOR('',#1665,0.6);
#1667=LINE('',#1664,#1666);
#1668=EDGE_CURVE('',#1655,#1663,#1667,.T.);
#1669=ORIENTED_EDGE('',*,*,#1668,.T.);
#1670=CARTESIAN_POINT('',(8.425,-36.5,-9.3));
#1671=DIRECTION('',(0.,-1.,0.));
#1672=VECTOR('',#1671,0.8);
#1673=LINE('',#1670,#1672);
#1674=EDGE_CURVE('',#1663,#1647,#1673,.T.);
#1675=ORIENTED_EDGE('',*,*,#1674,.T.);
#1676=EDGE_LOOP('',(#1653,#1661,#1669,#1675));
#1677=FACE_OUTER_BOUND('',#1676,.T.);
#1678=ADVANCED_FACE('',(#1677),#1643,.T.);
#1679=CARTESIAN_POINT('',(7.825,-35.221825790405,-7.68));
#1680=DIRECTION('',(-2.1369200320154E-16,-1.,0.));
#1681=DIRECTION('',(-1.,2.1369200320154E-16,5.4825828376551E-16));
#1682=AXIS2_PLACEMENT_3D('',#1679,#1681,#1680);
#1683=PLANE('',#1682);
#1684=CARTESIAN_POINT('',(7.825,-37.3,-8.7));
#1685=DIRECTION('',(0.,0.,-1.));
#1686=VECTOR('',#1685,0.6);
#1687=LINE('',#1684,#1686);
#1688=EDGE_CURVE('',#1561,#1645,#1687,.T.);
#1689=ORIENTED_EDGE('',*,*,#1688,.F.);
#1690=ORIENTED_EDGE('',*,*,#1566,.F.);
#1691=CARTESIAN_POINT('',(7.825,-36.5,-8.7));
#1692=DIRECTION('',(0.,0.,-1.));
#1693=VECTOR('',#1692,0.6);
#1694=LINE('',#1691,#1693);
#1695=EDGE_CURVE('',#1553,#1655,#1694,.T.);
#1696=ORIENTED_EDGE('',*,*,#1695,.T.);
#1697=ORIENTED_EDGE('',*,*,#1660,.F.);
#1698=EDGE_LOOP('',(#1689,#1690,#1696,#1697));
#1699=FACE_OUTER_BOUND('',#1698,.T.);
#1700=ADVANCED_FACE('',(#1699),#1683,.T.);
#1701=CARTESIAN_POINT('',(8.425,-35.221825790405,-7.68));
#1702=DIRECTION('',(0.,1.,0.));
#1703=DIRECTION('',(1.,0.,-5.4825828376551E-16));
#1704=AXIS2_PLACEMENT_3D('',#1701,#1703,#1702);
#1705=PLANE('',#1704);
#1706=CARTESIAN_POINT('',(8.425,-37.3,-9.3));
#1707=DIRECTION('',(0.,0.,1.));
#1708=VECTOR('',#1707,0.6);
#1709=LINE('',#1706,#1708);
#1710=EDGE_CURVE('',#1647,#1537,#1709,.T.);
#1711=ORIENTED_EDGE('',*,*,#1710,.F.);
#1712=ORIENTED_EDGE('',*,*,#1674,.F.);
#1713=CARTESIAN_POINT('',(8.425,-36.5,-9.3));
#1714=DIRECTION('',(0.,0.,1.));
#1715=VECTOR('',#1714,0.59999999999999);
#1716=LINE('',#1713,#1715);
#1717=EDGE_CURVE('',#1663,#1545,#1716,.T.);
#1718=ORIENTED_EDGE('',*,*,#1717,.T.);
#1719=ORIENTED_EDGE('',*,*,#1550,.F.);
#1720=EDGE_LOOP('',(#1711,#1712,#1718,#1719));
#1721=FACE_OUTER_BOUND('',#1720,.T.);
#1722=ADVANCED_FACE('',(#1721),#1705,.T.);
#1723=CARTESIAN_POINT('',(5.945,-35.221825790405,-7.68));
#1724=DIRECTION('',(2.1369200320154E-16,1.,4.2738400640307E-16));
#1725=DIRECTION('',(1.,-2.1369200320154E-16,-5.4825828376551E-16));
#1726=AXIS2_PLACEMENT_3D('',#1723,#1725,#1724);
#1727=PLANE('',#1726);
#1728=CARTESIAN_POINT('',(5.945,-37.3,-9.3));
#1729=VERTEX_POINT('',#1728);
#1730=CARTESIAN_POINT('',(5.945,-37.3,-9.3));
#1731=DIRECTION('',(0.,0.,1.));
#1732=VECTOR('',#1731,0.6);
#1733=LINE('',#1730,#1732);
#1734=EDGE_CURVE('',#1729,#1569,#1733,.T.);
#1735=ORIENTED_EDGE('',*,*,#1734,.F.);
#1736=CARTESIAN_POINT('',(5.945,-36.5,-9.3));
#1737=VERTEX_POINT('',#1736);
#1738=CARTESIAN_POINT('',(5.945,-36.5,-9.3));
#1739=DIRECTION('',(0.,-1.,0.));
#1740=VECTOR('',#1739,0.8);
#1741=LINE('',#1738,#1740);
#1742=EDGE_CURVE('',#1737,#1729,#1741,.T.);
#1743=ORIENTED_EDGE('',*,*,#1742,.F.);
#1744=CARTESIAN_POINT('',(5.945,-36.5,-9.3));
#1745=DIRECTION('',(1.4802973661669E-15,0.,1.));
#1746=VECTOR('',#1745,0.6);
#1747=LINE('',#1744,#1746);
#1748=EDGE_CURVE('',#1737,#1577,#1747,.T.);
#1749=ORIENTED_EDGE('',*,*,#1748,.T.);
#1750=ORIENTED_EDGE('',*,*,#1582,.F.);
#1751=EDGE_LOOP('',(#1735,#1743,#1749,#1750));
#1752=FACE_OUTER_BOUND('',#1751,.T.);
#1753=ADVANCED_FACE('',(#1752),#1727,.T.);
#1754=CARTESIAN_POINT('',(11.85,-35.675,-9.3));
#1755=DIRECTION('',(-1.,5.4699209835266E-16,4.1024407376449E-16));
#1756=DIRECTION('',(-4.1024407376449E-16,0.,-1.));
#1757=AXIS2_PLACEMENT_3D('',#1754,#1756,#1755);
#1758=PLANE('',#1757);
#1759=CARTESIAN_POINT('',(5.355,-37.3,-9.3));
#1760=VERTEX_POINT('',#1759);
#1761=CARTESIAN_POINT('',(5.355,-37.3,-9.3));
#1762=DIRECTION('',(1.,0.,0.));
#1763=VECTOR('',#1762,0.59);
#1764=LINE('',#1761,#1763);
#1765=EDGE_CURVE('',#1760,#1729,#1764,.T.);
#1766=ORIENTED_EDGE('',*,*,#1765,.F.);
#1767=CARTESIAN_POINT('',(5.355,-36.5,-9.3));
#1768=VERTEX_POINT('',#1767);
#1769=CARTESIAN_POINT('',(5.355,-36.5,-9.3));
#1770=DIRECTION('',(0.,-1.,-2.2204460492503E-15));
#1771=VECTOR('',#1770,0.8);
#1772=LINE('',#1769,#1771);
#1773=EDGE_CURVE('',#1768,#1760,#1772,.T.);
#1774=ORIENTED_EDGE('',*,*,#1773,.F.);
#1775=CARTESIAN_POINT('',(5.355,-36.5,-9.3));
#1776=DIRECTION('',(1.,0.,-3.0107743040682E-15));
#1777=VECTOR('',#1776,0.59);
#1778=LINE('',#1775,#1777);
#1779=EDGE_CURVE('',#1768,#1737,#1778,.T.);
#1780=ORIENTED_EDGE('',*,*,#1779,.T.);
#1781=ORIENTED_EDGE('',*,*,#1742,.T.);
#1782=EDGE_LOOP('',(#1766,#1774,#1780,#1781));
#1783=FACE_OUTER_BOUND('',#1782,.T.);
#1784=ADVANCED_FACE('',(#1783),#1758,.T.);
#1785=CARTESIAN_POINT('',(5.355,-35.675,-9.));
#1786=DIRECTION('',(0.,0.,1.));
#1787=DIRECTION('',(-1.,2.7328566760004E-16,0.));
#1788=AXIS2_PLACEMENT_3D('',#1785,#1787,#1786);
#1789=PLANE('',#1788);
#1790=CARTESIAN_POINT('',(5.355,-37.3,-9.3));
#1791=DIRECTION('',(0.,0.,1.));
#1792=VECTOR('',#1791,0.6);
#1793=LINE('',#1790,#1792);
#1794=EDGE_CURVE('',#1760,#1593,#1793,.T.);
#1795=ORIENTED_EDGE('',*,*,#1794,.T.);
#1796=ORIENTED_EDGE('',*,*,#1598,.T.);
#1797=CARTESIAN_POINT('',(5.355,-36.5,-8.7));
#1798=DIRECTION('',(0.,0.,-1.));
#1799=VECTOR('',#1798,0.6);
#1800=LINE('',#1797,#1799);
#1801=EDGE_CURVE('',#1585,#1768,#1800,.T.);
#1802=ORIENTED_EDGE('',*,*,#1801,.T.);
#1803=ORIENTED_EDGE('',*,*,#1773,.T.);
#1804=EDGE_LOOP('',(#1795,#1796,#1802,#1803));
#1805=FACE_OUTER_BOUND('',#1804,.T.);
#1806=ADVANCED_FACE('',(#1805),#1789,.T.);
#1807=CARTESIAN_POINT('',(15.265,-35.221825790405,-7.68));
#1808=DIRECTION('',(0.,-1.,0.));
#1809=DIRECTION('',(-1.,0.,5.4825828376551E-16));
#1810=AXIS2_PLACEMENT_3D('',#1807,#1809,#1808);
#1811=PLANE('',#1810);
#1812=CARTESIAN_POINT('',(15.265,-37.3,-9.3));
#1813=VERTEX_POINT('',#1812);
#1814=CARTESIAN_POINT('',(15.265,-37.3,-8.7));
#1815=DIRECTION('',(0.,0.,-1.));
#1816=VECTOR('',#1815,0.6);
#1817=LINE('',#1814,#1816);
#1818=EDGE_CURVE('',#1474,#1813,#1817,.T.);
#1819=ORIENTED_EDGE('',*,*,#1818,.F.);
#1820=ORIENTED_EDGE('',*,*,#1479,.F.);
#1821=CARTESIAN_POINT('',(15.265,-36.5,-9.3));
#1822=VERTEX_POINT('',#1821);
#1823=CARTESIAN_POINT('',(15.265,-36.5,-8.7));
#1824=DIRECTION('',(2.9605947323338E-15,0.,-1.));
#1825=VECTOR('',#1824,0.6);
#1826=LINE('',#1823,#1825);
#1827=EDGE_CURVE('',#1466,#1822,#1826,.T.);
#1828=ORIENTED_EDGE('',*,*,#1827,.T.);
#1829=CARTESIAN_POINT('',(15.265,-37.3,-9.3));
#1830=DIRECTION('',(2.2204460492503E-15,1.,0.));
#1831=VECTOR('',#1830,0.8);
#1832=LINE('',#1829,#1831);
#1833=EDGE_CURVE('',#1813,#1822,#1832,.T.);
#1834=ORIENTED_EDGE('',*,*,#1833,.F.);
#1835=EDGE_LOOP('',(#1819,#1820,#1828,#1834));
#1836=FACE_OUTER_BOUND('',#1835,.T.);
#1837=ADVANCED_FACE('',(#1836),#1811,.T.);
#1838=CARTESIAN_POINT('',(15.865,-35.221825790405,-7.68));
#1839=DIRECTION('',(0.,1.,0.));
#1840=DIRECTION('',(1.,0.,0.));
#1841=AXIS2_PLACEMENT_3D('',#1838,#1840,#1839);
#1842=PLANE('',#1841);
#1843=CARTESIAN_POINT('',(15.865,-37.3,-9.3));
#1844=VERTEX_POINT('',#1843);
#1845=CARTESIAN_POINT('',(15.865,-37.3,-9.3));
#1846=DIRECTION('',(0.,0.,1.));
#1847=VECTOR('',#1846,0.6);
#1848=LINE('',#1845,#1847);
#1849=EDGE_CURVE('',#1844,#1450,#1848,.T.);
#1850=ORIENTED_EDGE('',*,*,#1849,.F.);
#1851=CARTESIAN_POINT('',(15.865,-36.5,-9.3));
#1852=VERTEX_POINT('',#1851);
#1853=CARTESIAN_POINT('',(15.865,-36.5,-9.3));
#1854=DIRECTION('',(0.,-1.,0.));
#1855=VECTOR('',#1854,0.8);
#1856=LINE('',#1853,#1855);
#1857=EDGE_CURVE('',#1852,#1844,#1856,.T.);
#1858=ORIENTED_EDGE('',*,*,#1857,.F.);
#1859=CARTESIAN_POINT('',(15.865,-36.5,-9.3));
#1860=DIRECTION('',(0.,0.,1.));
#1861=VECTOR('',#1860,0.6);
#1862=LINE('',#1859,#1861);
#1863=EDGE_CURVE('',#1852,#1458,#1862,.T.);
#1864=ORIENTED_EDGE('',*,*,#1863,.T.);
#1865=ORIENTED_EDGE('',*,*,#1463,.F.);
#1866=EDGE_LOOP('',(#1850,#1858,#1864,#1865));
#1867=FACE_OUTER_BOUND('',#1866,.T.);
#1868=ADVANCED_FACE('',(#1867),#1842,.T.);
#1869=CARTESIAN_POINT('',(11.85,-35.675,-9.3));
#1870=DIRECTION('',(-1.,8.8486019397273E-16,2.2121504849318E-16));
#1871=DIRECTION('',(-2.2121504849318E-16,0.,-1.));
#1872=AXIS2_PLACEMENT_3D('',#1869,#1871,#1870);
#1873=PLANE('',#1872);
#1874=CARTESIAN_POINT('',(15.265,-37.3,-9.3));
#1875=DIRECTION('',(1.,0.,0.));
#1876=VECTOR('',#1875,0.6);
#1877=LINE('',#1874,#1876);
#1878=EDGE_CURVE('',#1813,#1844,#1877,.T.);
#1879=ORIENTED_EDGE('',*,*,#1878,.F.);
#1880=ORIENTED_EDGE('',*,*,#1833,.T.);
#1881=CARTESIAN_POINT('',(15.265,-36.5,-9.3));
#1882=DIRECTION('',(1.,-1.1842378929335E-14,0.));
#1883=VECTOR('',#1882,0.6);
#1884=LINE('',#1881,#1883);
#1885=EDGE_CURVE('',#1822,#1852,#1884,.T.);
#1886=ORIENTED_EDGE('',*,*,#1885,.T.);
#1887=ORIENTED_EDGE('',*,*,#1857,.T.);
#1888=EDGE_LOOP('',(#1879,#1880,#1886,#1887));
#1889=FACE_OUTER_BOUND('',#1888,.T.);
#1890=ADVANCED_FACE('',(#1889),#1873,.T.);
#1891=CARTESIAN_POINT('',(13.385,-35.221825790405,-7.68));
#1892=DIRECTION('',(0.,1.,0.));
#1893=DIRECTION('',(1.,0.,-5.4825828376551E-16));
#1894=AXIS2_PLACEMENT_3D('',#1891,#1893,#1892);
#1895=PLANE('',#1894);
#1896=CARTESIAN_POINT('',(13.385,-37.3,-9.3));
#1897=VERTEX_POINT('',#1896);
#1898=CARTESIAN_POINT('',(13.385,-37.3,-9.3));
#1899=DIRECTION('',(0.,0.,1.));
#1900=VECTOR('',#1899,0.6);
#1901=LINE('',#1898,#1900);
#1902=EDGE_CURVE('',#1897,#1482,#1901,.T.);
#1903=ORIENTED_EDGE('',*,*,#1902,.F.);
#1904=CARTESIAN_POINT('',(13.385,-36.5,-9.3));
#1905=VERTEX_POINT('',#1904);
#1906=CARTESIAN_POINT('',(13.385,-36.5,-9.3));
#1907=DIRECTION('',(0.,-1.,0.));
#1908=VECTOR('',#1907,0.8);
#1909=LINE('',#1906,#1908);
#1910=EDGE_CURVE('',#1905,#1897,#1909,.T.);
#1911=ORIENTED_EDGE('',*,*,#1910,.F.);
#1912=CARTESIAN_POINT('',(13.385,-36.5,-9.3));
#1913=DIRECTION('',(0.,0.,1.));
#1914=VECTOR('',#1913,0.59999999999999);
#1915=LINE('',#1912,#1914);
#1916=EDGE_CURVE('',#1905,#1490,#1915,.T.);
#1917=ORIENTED_EDGE('',*,*,#1916,.T.);
#1918=ORIENTED_EDGE('',*,*,#1495,.F.);
#1919=EDGE_LOOP('',(#1903,#1911,#1917,#1918));
#1920=FACE_OUTER_BOUND('',#1919,.T.);
#1921=ADVANCED_FACE('',(#1920),#1895,.T.);
#1922=CARTESIAN_POINT('',(11.85,-35.675,-9.3));
#1923=DIRECTION('',(-1.,0.,5.7861786299682E-16));
#1924=DIRECTION('',(-5.7861786299682E-16,0.,-1.));
#1925=AXIS2_PLACEMENT_3D('',#1922,#1924,#1923);
#1926=PLANE('',#1925);
#1927=CARTESIAN_POINT('',(12.785,-37.3,-9.3));
#1928=VERTEX_POINT('',#1927);
#1929=CARTESIAN_POINT('',(12.785,-37.3,-9.3));
#1930=DIRECTION('',(1.,0.,0.));
#1931=VECTOR('',#1930,0.6);
#1932=LINE('',#1929,#1931);
#1933=EDGE_CURVE('',#1928,#1897,#1932,.T.);
#1934=ORIENTED_EDGE('',*,*,#1933,.F.);
#1935=CARTESIAN_POINT('',(12.785,-36.5,-9.3));
#1936=VERTEX_POINT('',#1935);
#1937=CARTESIAN_POINT('',(12.785,-37.3,-9.3));
#1938=DIRECTION('',(-2.2204460492503E-15,1.,0.));
#1939=VECTOR('',#1938,0.8);
#1940=LINE('',#1937,#1939);
#1941=EDGE_CURVE('',#1928,#1936,#1940,.T.);
#1942=ORIENTED_EDGE('',*,*,#1941,.T.);
#1943=CARTESIAN_POINT('',(12.785,-36.5,-9.3));
#1944=DIRECTION('',(1.,0.,0.));
#1945=VECTOR('',#1944,0.6);
#1946=LINE('',#1943,#1945);
#1947=EDGE_CURVE('',#1936,#1905,#1946,.T.);
#1948=ORIENTED_EDGE('',*,*,#1947,.T.);
#1949=ORIENTED_EDGE('',*,*,#1910,.T.);
#1950=EDGE_LOOP('',(#1934,#1942,#1948,#1949));
#1951=FACE_OUTER_BOUND('',#1950,.T.);
#1952=ADVANCED_FACE('',(#1951),#1926,.T.);
#1953=CARTESIAN_POINT('',(12.785,-35.221825790405,-7.68));
#1954=DIRECTION('',(0.,-1.,-4.2738400640307E-16));
#1955=DIRECTION('',(-1.,-2.3431682185938E-31,5.4825828376551E-16));
#1956=AXIS2_PLACEMENT_3D('',#1953,#1955,#1954);
#1957=PLANE('',#1956);
#1958=CARTESIAN_POINT('',(12.785,-37.3,-8.7));
#1959=DIRECTION('',(0.,0.,-1.));
#1960=VECTOR('',#1959,0.6);
#1961=LINE('',#1958,#1960);
#1962=EDGE_CURVE('',#1506,#1928,#1961,.T.);
#1963=ORIENTED_EDGE('',*,*,#1962,.F.);
#1964=ORIENTED_EDGE('',*,*,#1511,.F.);
#1965=CARTESIAN_POINT('',(12.785,-36.5,-8.7));
#1966=DIRECTION('',(-2.9605947323337E-15,0.,-1.));
#1967=VECTOR('',#1966,0.6);
#1968=LINE('',#1965,#1967);
#1969=EDGE_CURVE('',#1498,#1936,#1968,.T.);
#1970=ORIENTED_EDGE('',*,*,#1969,.T.);
#1971=ORIENTED_EDGE('',*,*,#1941,.F.);
#1972=EDGE_LOOP('',(#1963,#1964,#1970,#1971));
#1973=FACE_OUTER_BOUND('',#1972,.T.);
#1974=ADVANCED_FACE('',(#1973),#1957,.T.);
#1975=CARTESIAN_POINT('',(18.345,-35.675,-9.));
#1976=DIRECTION('',(0.,0.,-1.));
#1977=DIRECTION('',(1.,-0.,0.));
#1978=AXIS2_PLACEMENT_3D('',#1975,#1977,#1976);
#1979=PLANE('',#1978);
#1980=CARTESIAN_POINT('',(18.345,-37.3,-9.3));
#1981=VERTEX_POINT('',#1980);
#1982=CARTESIAN_POINT('',(18.345,-37.3,-8.7));
#1983=DIRECTION('',(0.,0.,-1.));
#1984=VECTOR('',#1983,0.6);
#1985=LINE('',#1982,#1984);
#1986=EDGE_CURVE('',#1418,#1981,#1985,.T.);
#1987=ORIENTED_EDGE('',*,*,#1986,.T.);
#1988=CARTESIAN_POINT('',(18.345,-36.5,-9.3));
#1989=VERTEX_POINT('',#1988);
#1990=CARTESIAN_POINT('',(18.345,-37.3,-9.3));
#1991=DIRECTION('',(0.,1.,0.));
#1992=VECTOR('',#1991,0.8);
#1993=LINE('',#1990,#1992);
#1994=EDGE_CURVE('',#1981,#1989,#1993,.T.);
#1995=ORIENTED_EDGE('',*,*,#1994,.T.);
#1996=CARTESIAN_POINT('',(18.345,-36.5,-9.3));
#1997=DIRECTION('',(0.,0.,1.));
#1998=VECTOR('',#1997,0.60000000000001);
#1999=LINE('',#1996,#1998);
#2000=EDGE_CURVE('',#1989,#1426,#1999,.T.);
#2001=ORIENTED_EDGE('',*,*,#2000,.T.);
#2002=ORIENTED_EDGE('',*,*,#1431,.T.);
#2003=EDGE_LOOP('',(#1987,#1995,#2001,#2002));
#2004=FACE_OUTER_BOUND('',#2003,.T.);
#2005=ADVANCED_FACE('',(#2004),#1979,.T.);
#2006=CARTESIAN_POINT('',(11.85,-35.675,-9.3));
#2007=DIRECTION('',(-1.,5.4699209835266E-16,4.1024407376449E-16));
#2008=DIRECTION('',(-4.1024407376449E-16,0.,-1.));
#2009=AXIS2_PLACEMENT_3D('',#2006,#2008,#2007);
#2010=PLANE('',#2009);
#2011=CARTESIAN_POINT('',(17.745,-37.3,-9.3));
#2012=VERTEX_POINT('',#2011);
#2013=CARTESIAN_POINT('',(17.745,-37.3,-9.3));
#2014=DIRECTION('',(1.,0.,0.));
#2015=VECTOR('',#2014,0.6);
#2016=LINE('',#2013,#2015);
#2017=EDGE_CURVE('',#2012,#1981,#2016,.T.);
#2018=ORIENTED_EDGE('',*,*,#2017,.F.);
#2019=CARTESIAN_POINT('',(17.745,-36.5,-9.3));
#2020=VERTEX_POINT('',#2019);
#2021=CARTESIAN_POINT('',(17.745,-37.3,-9.3));
#2022=DIRECTION('',(0.,1.,2.2204460492503E-15));
#2023=VECTOR('',#2022,0.8);
#2024=LINE('',#2021,#2023);
#2025=EDGE_CURVE('',#2012,#2020,#2024,.T.);
#2026=ORIENTED_EDGE('',*,*,#2025,.T.);
#2027=CARTESIAN_POINT('',(17.745,-36.5,-9.3));
#2028=DIRECTION('',(1.,0.,0.));
#2029=VECTOR('',#2028,0.6);
#2030=LINE('',#2027,#2029);
#2031=EDGE_CURVE('',#2020,#1989,#2030,.T.);
#2032=ORIENTED_EDGE('',*,*,#2031,.T.);
#2033=ORIENTED_EDGE('',*,*,#1994,.F.);
#2034=EDGE_LOOP('',(#2018,#2026,#2032,#2033));
#2035=FACE_OUTER_BOUND('',#2034,.T.);
#2036=ADVANCED_FACE('',(#2035),#2010,.T.);
#2037=CARTESIAN_POINT('',(17.745,-35.221825790405,-7.68));
#2038=DIRECTION('',(0.,-1.,-4.2738400640307E-16));
#2039=DIRECTION('',(-1.,-4.6863364371875E-31,1.096516567531E-15));
#2040=AXIS2_PLACEMENT_3D('',#2037,#2039,#2038);
#2041=PLANE('',#2040);
#2042=CARTESIAN_POINT('',(17.745,-37.3,-8.7));
#2043=DIRECTION('',(0.,0.,-1.));
#2044=VECTOR('',#2043,0.6);
#2045=LINE('',#2042,#2044);
#2046=EDGE_CURVE('',#1442,#2012,#2045,.T.);
#2047=ORIENTED_EDGE('',*,*,#2046,.F.);
#2048=ORIENTED_EDGE('',*,*,#1447,.F.);
#2049=CARTESIAN_POINT('',(17.745,-36.5,-8.7));
#2050=DIRECTION('',(5.9211894646675E-15,0.,-1.));
#2051=VECTOR('',#2050,0.6);
#2052=LINE('',#2049,#2051);
#2053=EDGE_CURVE('',#1434,#2020,#2052,.T.);
#2054=ORIENTED_EDGE('',*,*,#2053,.T.);
#2055=ORIENTED_EDGE('',*,*,#2025,.F.);
#2056=EDGE_LOOP('',(#2047,#2048,#2054,#2055));
#2057=FACE_OUTER_BOUND('',#2056,.T.);
#2058=ADVANCED_FACE('',(#2057),#2041,.T.);
#2059=CARTESIAN_POINT('',(11.85,-37.3,-7.375));
#2060=DIRECTION('',(-1.,4.0257378796606E-16,4.0257378796606E-16));
#2061=DIRECTION('',(4.0257378796606E-16,1.,-1.6206565475734E-31));
#2062=AXIS2_PLACEMENT_3D('',#2059,#2061,#2060);
#2063=PLANE('',#2062);
#2064=ORIENTED_EDGE('',*,*,#1336,.T.);
#2065=ORIENTED_EDGE('',*,*,#1626,.T.);
#2066=ORIENTED_EDGE('',*,*,#1519,.T.);
#2067=ORIENTED_EDGE('',*,*,#1962,.T.);
#2068=ORIENTED_EDGE('',*,*,#1933,.T.);
#2069=ORIENTED_EDGE('',*,*,#1902,.T.);
#2070=ORIENTED_EDGE('',*,*,#1487,.T.);
#2071=ORIENTED_EDGE('',*,*,#1818,.T.);
#2072=ORIENTED_EDGE('',*,*,#1878,.T.);
#2073=ORIENTED_EDGE('',*,*,#1849,.T.);
#2074=ORIENTED_EDGE('',*,*,#1455,.T.);
#2075=ORIENTED_EDGE('',*,*,#2046,.T.);
#2076=ORIENTED_EDGE('',*,*,#2017,.T.);
#2077=ORIENTED_EDGE('',*,*,#1986,.F.);
#2078=ORIENTED_EDGE('',*,*,#1423,.T.);
#2079=CARTESIAN_POINT('',(20.675,-37.3,-16.2));
#2080=VERTEX_POINT('',#2079);
#2081=CARTESIAN_POINT('',(20.675,-37.3,-16.2));
#2082=DIRECTION('',(9.473903143468E-16,0.,1.));
#2083=VECTOR('',#2082,7.5);
#2084=LINE('',#2081,#2083);
#2085=EDGE_CURVE('',#2080,#1410,#2084,.T.);
#2086=ORIENTED_EDGE('',*,*,#2085,.F.);
#2087=CARTESIAN_POINT('',(3.025,-37.3,-16.2));
#2088=VERTEX_POINT('',#2087);
#2089=CARTESIAN_POINT('',(20.675,-37.3,-16.2));
#2090=DIRECTION('',(-1.,4.0257378796606E-16,4.0257378796606E-16));
#2091=VECTOR('',#2090,17.65);
#2092=LINE('',#2089,#2091);
#2093=EDGE_CURVE('',#2080,#2088,#2092,.T.);
#2094=ORIENTED_EDGE('',*,*,#2093,.T.);
#2095=CARTESIAN_POINT('',(3.025,-37.3,-8.7));
#2096=DIRECTION('',(-4.736951571734E-16,0.,-1.));
#2097=VECTOR('',#2096,7.5);
#2098=LINE('',#2095,#2097);
#2099=EDGE_CURVE('',#1601,#2088,#2098,.T.);
#2100=ORIENTED_EDGE('',*,*,#2099,.F.);
#2101=ORIENTED_EDGE('',*,*,#1606,.T.);
#2102=ORIENTED_EDGE('',*,*,#1794,.F.);
#2103=ORIENTED_EDGE('',*,*,#1765,.T.);
#2104=ORIENTED_EDGE('',*,*,#1734,.T.);
#2105=ORIENTED_EDGE('',*,*,#1574,.T.);
#2106=ORIENTED_EDGE('',*,*,#1688,.T.);
#2107=ORIENTED_EDGE('',*,*,#1652,.T.);
#2108=ORIENTED_EDGE('',*,*,#1710,.T.);
#2109=ORIENTED_EDGE('',*,*,#1542,.T.);
#2110=ORIENTED_EDGE('',*,*,#1374,.T.);
#2111=EDGE_LOOP('',(#2064,#2065,#2066,#2067,#2068,#2069,#2070,#2071,#2072,#2073,#2074,#2075,#2076,#2077,#2078,#2086,#2094,#2100,#2101,#2102,#2103,#2104,#2105,#2106,#2107,#2108,#2109,#2110));
#2112=FACE_OUTER_BOUND('',#2111,.T.);
#2113=ADVANCED_FACE('',(#2112),#2063,.T.);
#2114=CARTESIAN_POINT('',(11.85,-43.1,-7.375));
#2115=DIRECTION('',(-1.,0.,2.5160861747879E-16));
#2116=DIRECTION('',(-0.,-1.,0.));
#2117=AXIS2_PLACEMENT_3D('',#2114,#2116,#2115);
#2118=PLANE('',#2117);
#2119=ORIENTED_EDGE('',*,*,#1407,.T.);
#2120=CARTESIAN_POINT('',(3.025,-43.1,-16.2));
#2121=VERTEX_POINT('',#2120);
#2122=CARTESIAN_POINT('',(3.025,-43.1,-8.7));
#2123=DIRECTION('',(-4.736951571734E-16,0.,-1.));
#2124=VECTOR('',#2123,7.5);
#2125=LINE('',#2122,#2124);
#2126=EDGE_CURVE('',#1402,#2121,#2125,.T.);
#2127=ORIENTED_EDGE('',*,*,#2126,.T.);
#2128=CARTESIAN_POINT('',(5.6300000000001,-43.1,-16.2));
#2129=VERTEX_POINT('',#2128);
#2130=CARTESIAN_POINT('',(3.025,-43.1,-16.2));
#2131=DIRECTION('',(1.,0.,0.));
#2132=VECTOR('',#2131,2.6050000000001);
#2133=LINE('',#2130,#2132);
#2134=EDGE_CURVE('',#2121,#2129,#2133,.T.);
#2135=ORIENTED_EDGE('',*,*,#2134,.T.);
#2136=CARTESIAN_POINT('',(5.6300000000001,-43.1,-15.376851463318));
#2137=VERTEX_POINT('',#2136);
#2138=CARTESIAN_POINT('',(5.6300000000001,-43.1,-16.2));
#2139=DIRECTION('',(0.,0.,1.));
#2140=VECTOR('',#2139,0.8231485366821);
#2141=LINE('',#2138,#2140);
#2142=EDGE_CURVE('',#2129,#2137,#2141,.T.);
#2143=ORIENTED_EDGE('',*,*,#2142,.T.);
#2144=CARTESIAN_POINT('',(4.8538491776053,-43.1,-15.376851463318));
#2145=VERTEX_POINT('',#2144);
#2146=CARTESIAN_POINT('',(5.6300000000001,-43.1,-15.376851463318));
#2147=DIRECTION('',(-1.,0.,0.));
#2148=VECTOR('',#2147,0.7761508223948);
#2149=LINE('',#2146,#2148);
#2150=EDGE_CURVE('',#2137,#2145,#2149,.T.);
#2151=ORIENTED_EDGE('',*,*,#2150,.T.);
#2152=CARTESIAN_POINT('',(5.5027116840895,-43.1,-12.27405834198));
#2153=VERTEX_POINT('',#2152);
#2154=CARTESIAN_POINT('',(4.8538491776053,-43.1,-15.376851463318));
#2155=DIRECTION('',(0.20469411298572,0.,0.97882599072));
#2156=VECTOR('',#2155,3.1699128862072);
#2157=LINE('',#2154,#2156);
#2158=EDGE_CURVE('',#2145,#2153,#2157,.T.);
#2159=ORIENTED_EDGE('',*,*,#2158,.T.);
#2160=CARTESIAN_POINT('',(6.6500000000001,-43.1,-12.27405834198));
#2161=VERTEX_POINT('',#2160);
#2162=CARTESIAN_POINT('',(5.5027116840895,-43.1,-12.27405834198));
#2163=DIRECTION('',(1.,0.,-1.5483090124476E-15));
#2164=VECTOR('',#2163,1.1472883159106);
#2165=LINE('',#2162,#2164);
#2166=EDGE_CURVE('',#2153,#2161,#2165,.T.);
#2167=ORIENTED_EDGE('',*,*,#2166,.T.);
#2168=CARTESIAN_POINT('',(6.6500000000001,-43.1,-16.2));
#2169=VERTEX_POINT('',#2168);
#2170=CARTESIAN_POINT('',(6.6500000000001,-43.1,-12.27405834198));
#2171=DIRECTION('',(-2.2623321920379E-16,0.,-1.));
#2172=VECTOR('',#2171,3.92594165802);
#2173=LINE('',#2170,#2172);
#2174=EDGE_CURVE('',#2161,#2169,#2173,.T.);
#2175=ORIENTED_EDGE('',*,*,#2174,.T.);
#2176=CARTESIAN_POINT('',(17.05,-43.1,-16.2));
#2177=VERTEX_POINT('',#2176);
#2178=CARTESIAN_POINT('',(6.6500000000001,-43.1,-16.2));
#2179=DIRECTION('',(1.,0.,-3.4160708450005E-16));
#2180=VECTOR('',#2179,10.4);
#2181=LINE('',#2178,#2180);
#2182=EDGE_CURVE('',#2169,#2177,#2181,.T.);
#2183=ORIENTED_EDGE('',*,*,#2182,.T.);
#2184=CARTESIAN_POINT('',(17.05,-43.1,-12.27405834198));
#2185=VERTEX_POINT('',#2184);
#2186=CARTESIAN_POINT('',(17.05,-43.1,-16.2));
#2187=DIRECTION('',(0.,0.,1.));
#2188=VECTOR('',#2187,3.92594165802);
#2189=LINE('',#2186,#2188);
#2190=EDGE_CURVE('',#2177,#2185,#2189,.T.);
#2191=ORIENTED_EDGE('',*,*,#2190,.T.);
#2192=CARTESIAN_POINT('',(18.197288315911,-43.1,-12.27405834198));
#2193=VERTEX_POINT('',#2192);
#2194=CARTESIAN_POINT('',(17.05,-43.1,-12.27405834198));
#2195=DIRECTION('',(1.,0.,0.));
#2196=VECTOR('',#2195,1.1472883159106);
#2197=LINE('',#2194,#2196);
#2198=EDGE_CURVE('',#2185,#2193,#2197,.T.);
#2199=ORIENTED_EDGE('',*,*,#2198,.T.);
#2200=CARTESIAN_POINT('',(18.846150822395,-43.1,-15.376851463318));
#2201=VERTEX_POINT('',#2200);
#2202=CARTESIAN_POINT('',(18.197288315911,-43.1,-12.27405834198));
#2203=DIRECTION('',(0.20469411298572,0.,-0.97882599072));
#2204=VECTOR('',#2203,3.1699128862072);
#2205=LINE('',#2202,#2204);
#2206=EDGE_CURVE('',#2193,#2201,#2205,.T.);
#2207=ORIENTED_EDGE('',*,*,#2206,.T.);
#2208=CARTESIAN_POINT('',(18.07,-43.1,-15.376851463318));
#2209=VERTEX_POINT('',#2208);
#2210=CARTESIAN_POINT('',(18.846150822395,-43.1,-15.376851463318));
#2211=DIRECTION('',(-1.,0.,0.));
#2212=VECTOR('',#2211,0.7761508223948);
#2213=LINE('',#2210,#2212);
#2214=EDGE_CURVE('',#2201,#2209,#2213,.T.);
#2215=ORIENTED_EDGE('',*,*,#2214,.T.);
#2216=CARTESIAN_POINT('',(18.07,-43.1,-16.2));
#2217=VERTEX_POINT('',#2216);
#2218=CARTESIAN_POINT('',(18.07,-43.1,-15.376851463318));
#2219=DIRECTION('',(0.,0.,-1.));
#2220=VECTOR('',#2219,0.8231485366821);
#2221=LINE('',#2218,#2220);
#2222=EDGE_CURVE('',#2209,#2217,#2221,.T.);
#2223=ORIENTED_EDGE('',*,*,#2222,.T.);
#2224=CARTESIAN_POINT('',(20.675,-43.1,-16.2));
#2225=VERTEX_POINT('',#2224);
#2226=CARTESIAN_POINT('',(18.07,-43.1,-16.2));
#2227=DIRECTION('',(1.,0.,0.));
#2228=VECTOR('',#2227,2.6049999999999);
#2229=LINE('',#2226,#2228);
#2230=EDGE_CURVE('',#2217,#2225,#2229,.T.);
#2231=ORIENTED_EDGE('',*,*,#2230,.T.);
#2232=CARTESIAN_POINT('',(20.675,-43.1,-16.2));
#2233=DIRECTION('',(4.736951571734E-16,0.,1.));
#2234=VECTOR('',#2233,7.5);
#2235=LINE('',#2232,#2234);
#2236=EDGE_CURVE('',#2225,#1400,#2235,.T.);
#2237=ORIENTED_EDGE('',*,*,#2236,.T.);
#2238=EDGE_LOOP('',(#2119,#2127,#2135,#2143,#2151,#2159,#2167,#2175,#2183,#2191,#2199,#2207,#2215,#2223,#2231,#2237));
#2239=FACE_OUTER_BOUND('',#2238,.T.);
#2240=ADVANCED_FACE('',(#2239),#2118,.T.);
#2241=CARTESIAN_POINT('',(20.675,-40.2,-12.45));
#2242=DIRECTION('',(-4.736951571734E-16,0.,-1.));
#2243=DIRECTION('',(1.,-6.125368411725E-16,-4.736951571734E-16));
#2244=AXIS2_PLACEMENT_3D('',#2241,#2243,#2242);
#2245=PLANE('',#2244);
#2246=ORIENTED_EDGE('',*,*,#2236,.F.);
#2247=CARTESIAN_POINT('',(20.675,-43.1,-16.2));
#2248=DIRECTION('',(0.,1.,0.));
#2249=VECTOR('',#2248,5.8);
#2250=LINE('',#2247,#2249);
#2251=EDGE_CURVE('',#2225,#2080,#2250,.T.);
#2252=ORIENTED_EDGE('',*,*,#2251,.T.);
#2253=ORIENTED_EDGE('',*,*,#2085,.T.);
#2254=ORIENTED_EDGE('',*,*,#1415,.T.);
#2255=EDGE_LOOP('',(#2246,#2252,#2253,#2254));
#2256=FACE_OUTER_BOUND('',#2255,.T.);
#2257=ADVANCED_FACE('',(#2256),#2245,.T.);
#2258=CARTESIAN_POINT('',(3.025,-40.2,-12.45));
#2259=DIRECTION('',(4.736951571734E-16,0.,1.));
#2260=DIRECTION('',(-1.,3.0626842058625E-16,4.736951571734E-16));
#2261=AXIS2_PLACEMENT_3D('',#2258,#2260,#2259);
#2262=PLANE('',#2261);
#2263=ORIENTED_EDGE('',*,*,#2126,.F.);
#2264=ORIENTED_EDGE('',*,*,#1612,.T.);
#2265=ORIENTED_EDGE('',*,*,#2099,.T.);
#2266=CARTESIAN_POINT('',(3.025,-37.3,-16.2));
#2267=DIRECTION('',(-3.0626842058625E-16,-1.,-6.125368411725E-16));
#2268=VECTOR('',#2267,5.8);
#2269=LINE('',#2266,#2268);
#2270=EDGE_CURVE('',#2088,#2121,#2269,.T.);
#2271=ORIENTED_EDGE('',*,*,#2270,.T.);
#2272=EDGE_LOOP('',(#2263,#2264,#2265,#2271));
#2273=FACE_OUTER_BOUND('',#2272,.T.);
#2274=ADVANCED_FACE('',(#2273),#2262,.T.);
#2275=CARTESIAN_POINT('',(11.85,-40.2,-16.2));
#2276=DIRECTION('',(-1.,0.,2.0128689398303E-16));
#2277=DIRECTION('',(-2.0128689398303E-16,0.,-1.));
#2278=AXIS2_PLACEMENT_3D('',#2275,#2277,#2276);
#2279=PLANE('',#2278);
#2280=ORIENTED_EDGE('',*,*,#2230,.F.);
#2281=CARTESIAN_POINT('',(18.07,-42.462690854073,-16.2));
#2282=VERTEX_POINT('',#2281);
#2283=CARTESIAN_POINT('',(18.07,-43.1,-16.2));
#2284=DIRECTION('',(0.,1.,0.));
#2285=VECTOR('',#2284,0.63730914592743);
#2286=LINE('',#2283,#2285);
#2287=EDGE_CURVE('',#2217,#2282,#2286,.T.);
#2288=ORIENTED_EDGE('',*,*,#2287,.T.);
#2289=CARTESIAN_POINT('',(20.278114700317,-42.462690854073,-16.2));
#2290=VERTEX_POINT('',#2289);
#2291=CARTESIAN_POINT('',(18.07,-42.462690854073,-16.2));
#2292=DIRECTION('',(1.,0.,0.));
#2293=VECTOR('',#2292,2.2081147003173);
#2294=LINE('',#2291,#2293);
#2295=EDGE_CURVE('',#2282,#2290,#2294,.T.);
#2296=ORIENTED_EDGE('',*,*,#2295,.T.);
#2297=CARTESIAN_POINT('',(20.278114700317,-38.113454151154,-16.2));
#2298=VERTEX_POINT('',#2297);
#2299=CARTESIAN_POINT('',(20.278114700317,-42.462690854073,-16.2));
#2300=DIRECTION('',(0.,1.,0.));
#2301=VECTOR('',#2300,4.349236702919);
#2302=LINE('',#2299,#2301);
#2303=EDGE_CURVE('',#2290,#2298,#2302,.T.);
#2304=ORIENTED_EDGE('',*,*,#2303,.T.);
#2305=CARTESIAN_POINT('',(3.4888356208801,-38.113454151154,-16.2));
#2306=VERTEX_POINT('',#2305);
#2307=CARTESIAN_POINT('',(20.278114700317,-38.113454151154,-16.2));
#2308=DIRECTION('',(-1.,4.2321217748434E-16,4.2321217748434E-16));
#2309=VECTOR('',#2308,16.789279079437);
#2310=LINE('',#2307,#2309);
#2311=EDGE_CURVE('',#2298,#2306,#2310,.T.);
#2312=ORIENTED_EDGE('',*,*,#2311,.T.);
#2313=CARTESIAN_POINT('',(3.4888356208801,-42.462690854073,-16.2));
#2314=VERTEX_POINT('',#2313);
#2315=CARTESIAN_POINT('',(3.4888356208801,-38.113454151154,-16.2));
#2316=DIRECTION('',(0.,-1.,-8.1685912298499E-16));
#2317=VECTOR('',#2316,4.349236702919);
#2318=LINE('',#2315,#2317);
#2319=EDGE_CURVE('',#2306,#2314,#2318,.T.);
#2320=ORIENTED_EDGE('',*,*,#2319,.T.);
#2321=CARTESIAN_POINT('',(5.6300000000001,-42.462690854073,-16.2));
#2322=VERTEX_POINT('',#2321);
#2323=CARTESIAN_POINT('',(3.4888356208801,-42.462690854073,-16.2));
#2324=DIRECTION('',(1.,0.,0.));
#2325=VECTOR('',#2324,2.14116437912);
#2326=LINE('',#2323,#2325);
#2327=EDGE_CURVE('',#2314,#2322,#2326,.T.);
#2328=ORIENTED_EDGE('',*,*,#2327,.T.);
#2329=CARTESIAN_POINT('',(5.6300000000001,-42.462690854073,-16.2));
#2330=DIRECTION('',(0.,-1.,0.));
#2331=VECTOR('',#2330,0.63730914592743);
#2332=LINE('',#2329,#2331);
#2333=EDGE_CURVE('',#2322,#2129,#2332,.T.);
#2334=ORIENTED_EDGE('',*,*,#2333,.T.);
#2335=ORIENTED_EDGE('',*,*,#2134,.F.);
#2336=ORIENTED_EDGE('',*,*,#2270,.F.);
#2337=ORIENTED_EDGE('',*,*,#2093,.F.);
#2338=ORIENTED_EDGE('',*,*,#2251,.F.);
#2339=EDGE_LOOP('',(#2280,#2288,#2296,#2304,#2312,#2320,#2328,#2334,#2335,#2336,#2337,#2338));
#2340=FACE_OUTER_BOUND('',#2339,.T.);
#2341=ADVANCED_FACE('',(#2340),#2279,.T.);
#2342=CARTESIAN_POINT('',(5.6300000000001,-42.75,-16.71644077301));
#2343=DIRECTION('',(-1.657557307441E-15,0.,-1.));
#2344=DIRECTION('',(1.,0.,-1.657557307441E-15));
#2345=AXIS2_PLACEMENT_3D('',#2342,#2344,#2343);
#2346=PLANE('',#2345);
#2347=ORIENTED_EDGE('',*,*,#2142,.F.);
#2348=ORIENTED_EDGE('',*,*,#2333,.F.);
#2349=CARTESIAN_POINT('',(5.6300000000001,-42.462690854073,-15.376851463318));
#2350=VERTEX_POINT('',#2349);
#2351=CARTESIAN_POINT('',(5.6300000000001,-42.462690854073,-16.2));
#2352=DIRECTION('',(0.,0.,1.));
#2353=VECTOR('',#2352,0.8231485366821);
#2354=LINE('',#2351,#2353);
#2355=EDGE_CURVE('',#2322,#2350,#2354,.T.);
#2356=ORIENTED_EDGE('',*,*,#2355,.T.);
#2357=CARTESIAN_POINT('',(5.6300000000001,-42.462690854073,-15.376851463318));
#2358=DIRECTION('',(0.,-1.,0.));
#2359=VECTOR('',#2358,0.63730914592743);
#2360=LINE('',#2357,#2359);
#2361=EDGE_CURVE('',#2350,#2137,#2360,.T.);
#2362=ORIENTED_EDGE('',*,*,#2361,.T.);
#2363=EDGE_LOOP('',(#2347,#2348,#2356,#2362));
#2364=FACE_OUTER_BOUND('',#2363,.T.);
#2365=ADVANCED_FACE('',(#2364),#2346,.T.);
#2366=CARTESIAN_POINT('',(4.4931644212588,-42.75,-15.376851463318));
#2367=DIRECTION('',(1.,0.,-2.3438176187717E-15));
#2368=DIRECTION('',(2.3438176187717E-15,-0.,1.));
#2369=AXIS2_PLACEMENT_3D('',#2366,#2368,#2367);
#2370=PLANE('',#2369);
#2371=ORIENTED_EDGE('',*,*,#2150,.F.);
#2372=ORIENTED_EDGE('',*,*,#2361,.F.);
#2373=CARTESIAN_POINT('',(4.8538491776053,-42.462690854073,-15.376851463318));
#2374=VERTEX_POINT('',#2373);
#2375=CARTESIAN_POINT('',(5.6300000000001,-42.462690854073,-15.376851463318));
#2376=DIRECTION('',(-1.,0.,0.));
#2377=VECTOR('',#2376,0.7761508223948);
#2378=LINE('',#2375,#2377);
#2379=EDGE_CURVE('',#2350,#2374,#2378,.T.);
#2380=ORIENTED_EDGE('',*,*,#2379,.T.);
#2381=CARTESIAN_POINT('',(4.8538491776053,-42.462690854073,-15.376851463318));
#2382=DIRECTION('',(0.,-1.,0.));
#2383=VECTOR('',#2382,0.63730914592743);
#2384=LINE('',#2381,#2383);
#2385=EDGE_CURVE('',#2374,#2145,#2384,.T.);
#2386=ORIENTED_EDGE('',*,*,#2385,.T.);
#2387=EDGE_LOOP('',(#2371,#2372,#2380,#2386));
#2388=FACE_OUTER_BOUND('',#2387,.T.);
#2389=ADVANCED_FACE('',(#2388),#2370,.T.);
#2390=CARTESIAN_POINT('',(5.1782804308474,-42.6,-13.825454902649));
#2391=DIRECTION('',(-0.20469411298572,0.,-0.97882599072));
#2392=DIRECTION('',(0.97882599072,0.,-0.20469411298572));
#2393=AXIS2_PLACEMENT_3D('',#2390,#2392,#2391);
#2394=PLANE('',#2393);
#2395=ORIENTED_EDGE('',*,*,#2158,.F.);
#2396=ORIENTED_EDGE('',*,*,#2385,.F.);
#2397=CARTESIAN_POINT('',(5.5027116840895,-42.462690854073,-12.27405834198));
#2398=VERTEX_POINT('',#2397);
#2399=CARTESIAN_POINT('',(4.8538491776053,-42.462690854073,-15.376851463318));
#2400=DIRECTION('',(0.20469411298572,0.,0.97882599072));
#2401=VECTOR('',#2400,3.1699128862072);
#2402=LINE('',#2399,#2401);
#2403=EDGE_CURVE('',#2374,#2398,#2402,.T.);
#2404=ORIENTED_EDGE('',*,*,#2403,.T.);
#2405=CARTESIAN_POINT('',(5.5027116840895,-42.462690854073,-12.27405834198));
#2406=DIRECTION('',(0.,-1.,0.));
#2407=VECTOR('',#2406,0.63730914592743);
#2408=LINE('',#2405,#2407);
#2409=EDGE_CURVE('',#2398,#2153,#2408,.T.);
#2410=ORIENTED_EDGE('',*,*,#2409,.T.);
#2411=EDGE_LOOP('',(#2395,#2396,#2404,#2410));
#2412=FACE_OUTER_BOUND('',#2411,.T.);
#2413=ADVANCED_FACE('',(#2412),#2394,.T.);
#2414=CARTESIAN_POINT('',(6.0763558420448,-42.6,-12.27405834198));
#2415=DIRECTION('',(-1.,0.,1.5483090124476E-15));
#2416=DIRECTION('',(-1.5483090124476E-15,0.,-1.));
#2417=AXIS2_PLACEMENT_3D('',#2414,#2416,#2415);
#2418=PLANE('',#2417);
#2419=ORIENTED_EDGE('',*,*,#2166,.F.);
#2420=ORIENTED_EDGE('',*,*,#2409,.F.);
#2421=CARTESIAN_POINT('',(6.6500000000001,-42.462690854073,-12.27405834198));
#2422=VERTEX_POINT('',#2421);
#2423=CARTESIAN_POINT('',(5.5027116840895,-42.462690854073,-12.27405834198));
#2424=DIRECTION('',(1.,0.,-1.5483090124476E-15));
#2425=VECTOR('',#2424,1.1472883159106);
#2426=LINE('',#2423,#2425);
#2427=EDGE_CURVE('',#2398,#2422,#2426,.T.);
#2428=ORIENTED_EDGE('',*,*,#2427,.T.);
#2429=CARTESIAN_POINT('',(6.6500000000001,-42.462690854073,-12.27405834198));
#2430=DIRECTION('',(0.,-1.,0.));
#2431=VECTOR('',#2430,0.63730914592743);
#2432=LINE('',#2429,#2431);
#2433=EDGE_CURVE('',#2422,#2161,#2432,.T.);
#2434=ORIENTED_EDGE('',*,*,#2433,.T.);
#2435=EDGE_LOOP('',(#2419,#2420,#2428,#2434));
#2436=FACE_OUTER_BOUND('',#2435,.T.);
#2437=ADVANCED_FACE('',(#2436),#2418,.T.);
#2438=CARTESIAN_POINT('',(6.6500000000001,-42.6,-14.765044212341));
#2439=DIRECTION('',(1.4262279529852E-15,0.,1.));
#2440=DIRECTION('',(-1.,0.,1.4262279529852E-15));
#2441=AXIS2_PLACEMENT_3D('',#2438,#2440,#2439);
#2442=PLANE('',#2441);
#2443=ORIENTED_EDGE('',*,*,#2433,.F.);
#2444=CARTESIAN_POINT('',(6.6500000000001,-42.462690854073,-16.2));
#2445=VERTEX_POINT('',#2444);
#2446=CARTESIAN_POINT('',(6.6500000000001,-42.462690854073,-12.27405834198));
#2447=DIRECTION('',(-2.2623321920379E-16,0.,-1.));
#2448=VECTOR('',#2447,3.92594165802);
#2449=LINE('',#2446,#2448);
#2450=EDGE_CURVE('',#2422,#2445,#2449,.T.);
#2451=ORIENTED_EDGE('',*,*,#2450,.T.);
#2452=CARTESIAN_POINT('',(6.6500000000001,-43.1,-16.2));
#2453=DIRECTION('',(0.,1.,0.));
#2454=VECTOR('',#2453,0.63730914592743);
#2455=LINE('',#2452,#2454);
#2456=EDGE_CURVE('',#2169,#2445,#2455,.T.);
#2457=ORIENTED_EDGE('',*,*,#2456,.F.);
#2458=ORIENTED_EDGE('',*,*,#2174,.F.);
#2459=EDGE_LOOP('',(#2443,#2451,#2457,#2458));
#2460=FACE_OUTER_BOUND('',#2459,.T.);
#2461=ADVANCED_FACE('',(#2460),#2442,.T.);
#2462=CARTESIAN_POINT('',(11.85,-40.2,-16.2));
#2463=DIRECTION('',(-1.,0.,3.4160708450004E-16));
#2464=DIRECTION('',(-3.4160708450004E-16,0.,-1.));
#2465=AXIS2_PLACEMENT_3D('',#2462,#2464,#2463);
#2466=PLANE('',#2465);
#2467=ORIENTED_EDGE('',*,*,#2182,.F.);
#2468=ORIENTED_EDGE('',*,*,#2456,.T.);
#2469=CARTESIAN_POINT('',(17.05,-42.462690854073,-16.2));
#2470=VERTEX_POINT('',#2469);
#2471=CARTESIAN_POINT('',(6.6500000000001,-42.462690854073,-16.2));
#2472=DIRECTION('',(1.,0.,-3.4160708450005E-16));
#2473=VECTOR('',#2472,10.4);
#2474=LINE('',#2471,#2473);
#2475=EDGE_CURVE('',#2445,#2470,#2474,.T.);
#2476=ORIENTED_EDGE('',*,*,#2475,.T.);
#2477=CARTESIAN_POINT('',(17.05,-42.462690854073,-16.2));
#2478=DIRECTION('',(0.,-1.,0.));
#2479=VECTOR('',#2478,0.63730914592743);
#2480=LINE('',#2477,#2479);
#2481=EDGE_CURVE('',#2470,#2177,#2480,.T.);
#2482=ORIENTED_EDGE('',*,*,#2481,.T.);
#2483=EDGE_LOOP('',(#2467,#2468,#2476,#2482));
#2484=FACE_OUTER_BOUND('',#2483,.T.);
#2485=ADVANCED_FACE('',(#2484),#2466,.T.);
#2486=CARTESIAN_POINT('',(17.05,-42.6,-14.765044212341));
#2487=DIRECTION('',(-1.4262279529852E-15,0.,-1.));
#2488=DIRECTION('',(1.,0.,-1.4262279529852E-15));
#2489=AXIS2_PLACEMENT_3D('',#2486,#2488,#2487);
#2490=PLANE('',#2489);
#2491=ORIENTED_EDGE('',*,*,#2190,.F.);
#2492=ORIENTED_EDGE('',*,*,#2481,.F.);
#2493=CARTESIAN_POINT('',(17.05,-42.462690854073,-12.27405834198));
#2494=VERTEX_POINT('',#2493);
#2495=CARTESIAN_POINT('',(17.05,-42.462690854073,-16.2));
#2496=DIRECTION('',(0.,0.,1.));
#2497=VECTOR('',#2496,3.92594165802);
#2498=LINE('',#2495,#2497);
#2499=EDGE_CURVE('',#2470,#2494,#2498,.T.);
#2500=ORIENTED_EDGE('',*,*,#2499,.T.);
#2501=CARTESIAN_POINT('',(17.05,-42.462690854073,-12.27405834198));
#2502=DIRECTION('',(0.,-1.,0.));
#2503=VECTOR('',#2502,0.63730914592743);
#2504=LINE('',#2501,#2503);
#2505=EDGE_CURVE('',#2494,#2185,#2504,.T.);
#2506=ORIENTED_EDGE('',*,*,#2505,.T.);
#2507=EDGE_LOOP('',(#2491,#2492,#2500,#2506));
#2508=FACE_OUTER_BOUND('',#2507,.T.);
#2509=ADVANCED_FACE('',(#2508),#2490,.T.);
#2510=CARTESIAN_POINT('',(17.623644157955,-42.6,-12.27405834198));
#2511=DIRECTION('',(-1.,0.,0.));
#2512=DIRECTION('',(0.,0.,-1.));
#2513=AXIS2_PLACEMENT_3D('',#2510,#2512,#2511);
#2514=PLANE('',#2513);
#2515=ORIENTED_EDGE('',*,*,#2198,.F.);
#2516=ORIENTED_EDGE('',*,*,#2505,.F.);
#2517=CARTESIAN_POINT('',(18.197288315911,-42.462690854073,-12.27405834198));
#2518=VERTEX_POINT('',#2517);
#2519=CARTESIAN_POINT('',(17.05,-42.462690854073,-12.27405834198));
#2520=DIRECTION('',(1.,0.,0.));
#2521=VECTOR('',#2520,1.1472883159106);
#2522=LINE('',#2519,#2521);
#2523=EDGE_CURVE('',#2494,#2518,#2522,.T.);
#2524=ORIENTED_EDGE('',*,*,#2523,.T.);
#2525=CARTESIAN_POINT('',(18.197288315911,-42.462690854073,-12.27405834198));
#2526=DIRECTION('',(0.,-1.,0.));
#2527=VECTOR('',#2526,0.63730914592743);
#2528=LINE('',#2525,#2527);
#2529=EDGE_CURVE('',#2518,#2193,#2528,.T.);
#2530=ORIENTED_EDGE('',*,*,#2529,.T.);
#2531=EDGE_LOOP('',(#2515,#2516,#2524,#2530));
#2532=FACE_OUTER_BOUND('',#2531,.T.);
#2533=ADVANCED_FACE('',(#2532),#2514,.T.);
#2534=CARTESIAN_POINT('',(18.521719569153,-42.6,-13.825454902649));
#2535=DIRECTION('',(-0.20469411298572,0.,0.97882599072));
#2536=DIRECTION('',(-0.97882599072,0.,-0.20469411298572));
#2537=AXIS2_PLACEMENT_3D('',#2534,#2536,#2535);
#2538=PLANE('',#2537);
#2539=ORIENTED_EDGE('',*,*,#2206,.F.);
#2540=ORIENTED_EDGE('',*,*,#2529,.F.);
#2541=CARTESIAN_POINT('',(18.846150822395,-42.462690854073,-15.376851463318));
#2542=VERTEX_POINT('',#2541);
#2543=CARTESIAN_POINT('',(18.197288315911,-42.462690854073,-12.27405834198));
#2544=DIRECTION('',(0.20469411298572,0.,-0.97882599072));
#2545=VECTOR('',#2544,3.1699128862072);
#2546=LINE('',#2543,#2545);
#2547=EDGE_CURVE('',#2518,#2542,#2546,.T.);
#2548=ORIENTED_EDGE('',*,*,#2547,.T.);
#2549=CARTESIAN_POINT('',(18.846150822395,-42.462690854073,-15.376851463318));
#2550=DIRECTION('',(0.,-1.,0.));
#2551=VECTOR('',#2550,0.63730914592743);
#2552=LINE('',#2549,#2551);
#2553=EDGE_CURVE('',#2542,#2201,#2552,.T.);
#2554=ORIENTED_EDGE('',*,*,#2553,.T.);
#2555=EDGE_LOOP('',(#2539,#2540,#2548,#2554));
#2556=FACE_OUTER_BOUND('',#2555,.T.);
#2557=ADVANCED_FACE('',(#2556),#2538,.T.);
#2558=CARTESIAN_POINT('',(19.257048319639,-41.901027091558,-15.376851463318));
#2559=DIRECTION('',(1.,0.,-1.4964486365138E-15));
#2560=DIRECTION('',(1.4964486365138E-15,-0.,1.));
#2561=AXIS2_PLACEMENT_3D('',#2558,#2560,#2559);
#2562=PLANE('',#2561);
#2563=ORIENTED_EDGE('',*,*,#2214,.F.);
#2564=ORIENTED_EDGE('',*,*,#2553,.F.);
#2565=CARTESIAN_POINT('',(18.07,-42.462690854073,-15.376851463318));
#2566=VERTEX_POINT('',#2565);
#2567=CARTESIAN_POINT('',(18.846150822395,-42.462690854073,-15.376851463318));
#2568=DIRECTION('',(-1.,0.,0.));
#2569=VECTOR('',#2568,0.7761508223948);
#2570=LINE('',#2567,#2569);
#2571=EDGE_CURVE('',#2542,#2566,#2570,.T.);
#2572=ORIENTED_EDGE('',*,*,#2571,.T.);
#2573=CARTESIAN_POINT('',(18.07,-42.462690854073,-15.376851463318));
#2574=DIRECTION('',(0.,-1.,0.));
#2575=VECTOR('',#2574,0.63730914592743);
#2576=LINE('',#2573,#2575);
#2577=EDGE_CURVE('',#2566,#2209,#2576,.T.);
#2578=ORIENTED_EDGE('',*,*,#2577,.T.);
#2579=EDGE_LOOP('',(#2563,#2564,#2572,#2578));
#2580=FACE_OUTER_BOUND('',#2579,.T.);
#2581=ADVANCED_FACE('',(#2580),#2562,.T.);
#2582=CARTESIAN_POINT('',(18.07,-42.75,-16.71644077301));
#2583=DIRECTION('',(1.3260458459527E-15,0.,1.));
#2584=DIRECTION('',(-1.,0.,1.3260458459527E-15));
#2585=AXIS2_PLACEMENT_3D('',#2582,#2584,#2583);
#2586=PLANE('',#2585);
#2587=ORIENTED_EDGE('',*,*,#2577,.F.);
#2588=CARTESIAN_POINT('',(18.07,-42.462690854073,-15.376851463318));
#2589=DIRECTION('',(0.,0.,-1.));
#2590=VECTOR('',#2589,0.8231485366821);
#2591=LINE('',#2588,#2590);
#2592=EDGE_CURVE('',#2566,#2282,#2591,.T.);
#2593=ORIENTED_EDGE('',*,*,#2592,.T.);
#2594=ORIENTED_EDGE('',*,*,#2287,.F.);
#2595=ORIENTED_EDGE('',*,*,#2222,.F.);
#2596=EDGE_LOOP('',(#2587,#2593,#2594,#2595));
#2597=FACE_OUTER_BOUND('',#2596,.T.);
#2598=ADVANCED_FACE('',(#2597),#2586,.T.);
#2599=CARTESIAN_POINT('',(11.883475160599,-42.462690854073,-20.202));
#2600=DIRECTION('',(-1.,4.2321217748434E-16,4.2321217748434E-16));
#2601=DIRECTION('',(4.2321217748434E-16,1.,3.6244783501331E-16));
#2602=AXIS2_PLACEMENT_3D('',#2599,#2601,#2600);
#2603=PLANE('',#2602);
#2604=ORIENTED_EDGE('',*,*,#2379,.F.);
#2605=ORIENTED_EDGE('',*,*,#2355,.F.);
#2606=ORIENTED_EDGE('',*,*,#2327,.F.);
#2607=CARTESIAN_POINT('',(3.4888356208801,-42.462690854073,-10.4));
#2608=VERTEX_POINT('',#2607);
#2609=CARTESIAN_POINT('',(3.4888356208801,-42.462690854073,-10.4));
#2610=DIRECTION('',(-6.125368411725E-16,0.,-1.));
#2611=VECTOR('',#2610,5.8);
#2612=LINE('',#2609,#2611);
#2613=EDGE_CURVE('',#2608,#2314,#2612,.T.);
#2614=ORIENTED_EDGE('',*,*,#2613,.F.);
#2615=CARTESIAN_POINT('',(20.278114700317,-42.462690854073,-10.4));
#2616=VERTEX_POINT('',#2615);
#2617=CARTESIAN_POINT('',(20.278114700317,-42.462690854073,-10.4));
#2618=DIRECTION('',(-1.,0.,3.1740913311326E-16));
#2619=VECTOR('',#2618,16.789279079437);
#2620=LINE('',#2617,#2619);
#2621=EDGE_CURVE('',#2616,#2608,#2620,.T.);
#2622=ORIENTED_EDGE('',*,*,#2621,.F.);
#2623=CARTESIAN_POINT('',(20.278114700317,-42.462690854073,-16.2));
#2624=DIRECTION('',(1.225073682345E-15,0.,1.));
#2625=VECTOR('',#2624,5.8);
#2626=LINE('',#2623,#2625);
#2627=EDGE_CURVE('',#2290,#2616,#2626,.T.);
#2628=ORIENTED_EDGE('',*,*,#2627,.F.);
#2629=ORIENTED_EDGE('',*,*,#2295,.F.);
#2630=ORIENTED_EDGE('',*,*,#2592,.F.);
#2631=ORIENTED_EDGE('',*,*,#2571,.F.);
#2632=ORIENTED_EDGE('',*,*,#2547,.F.);
#2633=ORIENTED_EDGE('',*,*,#2523,.F.);
#2634=ORIENTED_EDGE('',*,*,#2499,.F.);
#2635=ORIENTED_EDGE('',*,*,#2475,.F.);
#2636=ORIENTED_EDGE('',*,*,#2450,.F.);
#2637=ORIENTED_EDGE('',*,*,#2427,.F.);
#2638=ORIENTED_EDGE('',*,*,#2403,.F.);
#2639=EDGE_LOOP('',(#2604,#2605,#2606,#2614,#2622,#2628,#2629,#2630,#2631,#2632,#2633,#2634,#2635,#2636,#2637,#2638));
#2640=FACE_OUTER_BOUND('',#2639,.T.);
#2641=ADVANCED_FACE('',(#2640),#2603,.T.);
#2642=CARTESIAN_POINT('',(20.278114700317,-40.288072502613,-20.202));
#2643=DIRECTION('',(0.,-1.,0.));
#2644=DIRECTION('',(-1.,0.,3.6244783501331E-16));
#2645=AXIS2_PLACEMENT_3D('',#2642,#2644,#2643);
#2646=PLANE('',#2645);
#2647=ORIENTED_EDGE('',*,*,#2627,.T.);
#2648=CARTESIAN_POINT('',(20.278114700317,-38.113454151154,-10.4));
#2649=VERTEX_POINT('',#2648);
#2650=CARTESIAN_POINT('',(20.278114700317,-38.113454151154,-10.4));
#2651=DIRECTION('',(0.,-1.,-4.0842956149249E-16));
#2652=VECTOR('',#2651,4.349236702919);
#2653=LINE('',#2650,#2652);
#2654=EDGE_CURVE('',#2649,#2616,#2653,.T.);
#2655=ORIENTED_EDGE('',*,*,#2654,.F.);
#2656=CARTESIAN_POINT('',(20.278114700317,-38.113454151154,-10.4));
#2657=DIRECTION('',(-1.225073682345E-15,0.,-1.));
#2658=VECTOR('',#2657,5.8);
#2659=LINE('',#2656,#2658);
#2660=EDGE_CURVE('',#2649,#2298,#2659,.T.);
#2661=ORIENTED_EDGE('',*,*,#2660,.T.);
#2662=ORIENTED_EDGE('',*,*,#2303,.F.);
#2663=EDGE_LOOP('',(#2647,#2655,#2661,#2662));
#2664=FACE_OUTER_BOUND('',#2663,.T.);
#2665=ADVANCED_FACE('',(#2664),#2646,.T.);
#2666=CARTESIAN_POINT('',(11.883475160599,-38.113454151154,-20.202));
#2667=DIRECTION('',(1.,-4.2321217748434E-16,-4.2321217748434E-16));
#2668=DIRECTION('',(-4.2321217748434E-16,-1.,1.5339233748047E-31));
#2669=AXIS2_PLACEMENT_3D('',#2666,#2668,#2667);
#2670=PLANE('',#2669);
#2671=CARTESIAN_POINT('',(3.4888356208801,-38.113454151154,-10.4));
#2672=VERTEX_POINT('',#2671);
#2673=CARTESIAN_POINT('',(3.4888356208801,-38.113454151154,-10.4));
#2674=DIRECTION('',(-6.125368411725E-16,0.,-1.));
#2675=VECTOR('',#2674,5.8);
#2676=LINE('',#2673,#2675);
#2677=EDGE_CURVE('',#2672,#2306,#2676,.T.);
#2678=ORIENTED_EDGE('',*,*,#2677,.T.);
#2679=ORIENTED_EDGE('',*,*,#2311,.F.);
#2680=ORIENTED_EDGE('',*,*,#2660,.F.);
#2681=CARTESIAN_POINT('',(3.4888356208801,-38.113454151154,-10.4));
#2682=DIRECTION('',(1.,-4.2321217748434E-16,-2.1160608874217E-16));
#2683=VECTOR('',#2682,16.789279079437);
#2684=LINE('',#2681,#2683);
#2685=EDGE_CURVE('',#2672,#2649,#2684,.T.);
#2686=ORIENTED_EDGE('',*,*,#2685,.F.);
#2687=EDGE_LOOP('',(#2678,#2679,#2680,#2686));
#2688=FACE_OUTER_BOUND('',#2687,.T.);
#2689=ADVANCED_FACE('',(#2688),#2670,.T.);
#2690=CARTESIAN_POINT('',(3.4888356208801,-40.288072502613,-20.202));
#2691=DIRECTION('',(0.,1.,0.));
#2692=DIRECTION('',(1.,0.,-3.6244783501331E-16));
#2693=AXIS2_PLACEMENT_3D('',#2690,#2692,#2691);
#2694=PLANE('',#2693);
#2695=ORIENTED_EDGE('',*,*,#2613,.T.);
#2696=ORIENTED_EDGE('',*,*,#2319,.F.);
#2697=ORIENTED_EDGE('',*,*,#2677,.F.);
#2698=CARTESIAN_POINT('',(3.4888356208801,-42.462690854073,-10.4));
#2699=DIRECTION('',(0.,1.,0.));
#2700=VECTOR('',#2699,4.349236702919);
#2701=LINE('',#2698,#2700);
#2702=EDGE_CURVE('',#2608,#2672,#2701,.T.);
#2703=ORIENTED_EDGE('',*,*,#2702,.F.);
#2704=EDGE_LOOP('',(#2695,#2696,#2697,#2703));
#2705=FACE_OUTER_BOUND('',#2704,.T.);
#2706=ADVANCED_FACE('',(#2705),#2694,.T.);
#2707=CARTESIAN_POINT('',(11.883475160599,-36.693051314354,-10.4));
#2708=DIRECTION('',(-1.,0.,3.1740913311326E-16));
#2709=DIRECTION('',(-3.1740913311326E-16,1.5394001888434E-16,-1.));
#2710=AXIS2_PLACEMENT_3D('',#2707,#2709,#2708);
#2711=PLANE('',#2710);
#2712=ORIENTED_EDGE('',*,*,#2654,.T.);
#2713=ORIENTED_EDGE('',*,*,#2621,.T.);
#2714=ORIENTED_EDGE('',*,*,#2702,.T.);
#2715=ORIENTED_EDGE('',*,*,#2685,.T.);
#2716=EDGE_LOOP('',(#2712,#2713,#2714,#2715));
#2717=FACE_OUTER_BOUND('',#2716,.T.);
#2718=ADVANCED_FACE('',(#2717),#2711,.T.);
#2719=CARTESIAN_POINT('',(-0.55,-37.9,0.));
#2720=DIRECTION('',(9.6541132576101E-17,0.,-1.));
#2721=DIRECTION('',(-1.,-0.,-9.6541132576101E-17));
#2722=AXIS2_PLACEMENT_3D('',#2719,#2721,#2720);
#2723=PLANE('',#2722);
#2724=ORIENTED_EDGE('',*,*,#1009,.T.);
#2725=ORIENTED_EDGE('',*,*,#1049,.F.);
#2726=ORIENTED_EDGE('',*,*,#1097,.T.);
#2727=CARTESIAN_POINT('',(-0.54999999974386,-36.5,1.1500080021869));
#2728=VERTEX_POINT('',#2727);
#2729=CARTESIAN_POINT('',(-0.55,-36.5,1.15));
#2730=DIRECTION('',(0.,-1.,0.));
#2731=VECTOR('',#2730,4.198461297982);
#2732=LINE('',#2729,#2731);
#2733=EDGE_CURVE('',#2728,#1084,#2732,.T.);
#2734=ORIENTED_EDGE('',*,*,#2733,.F.);
#2735=CARTESIAN_POINT('',(-0.55,-36.5,-1.15));
#2736=VERTEX_POINT('',#2735);
#2737=CARTESIAN_POINT('',(-0.55,-36.5,-1.15));
#2738=DIRECTION('',(-9.6541132576101E-17,0.,1.));
#2739=VECTOR('',#2738,2.3);
#2740=LINE('',#2737,#2739);
#2741=EDGE_CURVE('',#2736,#2728,#2740,.T.);
#2742=ORIENTED_EDGE('',*,*,#2741,.F.);
#2743=CARTESIAN_POINT('',(-0.55,-40.698461297982,-1.15));
#2744=DIRECTION('',(0.,1.,0.));
#2745=VECTOR('',#2744,4.198461297982);
#2746=LINE('',#2743,#2745);
#2747=EDGE_CURVE('',#1002,#2736,#2746,.T.);
#2748=ORIENTED_EDGE('',*,*,#2747,.F.);
#2749=EDGE_LOOP('',(#2724,#2725,#2726,#2734,#2742,#2748));
#2750=FACE_OUTER_BOUND('',#2749,.T.);
#2751=ADVANCED_FACE('',(#2750),#2723,.T.);
#2752=CARTESIAN_POINT('',(-0.29999999999999,-34.7,1.15));
#2753=DIRECTION('',(-0.99999999795088,0.,6.4017494913138E-05));
#2754=DIRECTION('',(0.,-1.,0.));
#2755=AXIS2_PLACEMENT_3D('',#2752,#2754,#2753);
#2756=CYLINDRICAL_SURFACE('',#2755,0.25);
#2757=ORIENTED_EDGE('',*,*,#1091,.T.);
#2758=CARTESIAN_POINT('',(-0.049999999999992,-36.5,1.15));
#2759=VERTEX_POINT('',#2758);
#2760=CARTESIAN_POINT('',(-0.049999999999994,-36.5,1.15));
#2761=DIRECTION('',(-1.6527230838694E-16,-1.,0.));
#2762=VECTOR('',#2761,4.198461297982);
#2763=LINE('',#2760,#2762);
#2764=EDGE_CURVE('',#2759,#1076,#2763,.T.);
#2765=ORIENTED_EDGE('',*,*,#2764,.F.);
#2766=CARTESIAN_POINT('',(-0.29999999999999,-36.5,1.15));
#2767=DIRECTION('',(-0.99999999795088,0.,6.4017494917579E-05));
#2768=DIRECTION('',(-2.5731028639766E-14,1.,-2.5731028639766E-14));
#2769=AXIS2_PLACEMENT_3D('',#2766,#2768,#2767);
#2770=CIRCLE('',#2769,0.25);
#2771=EDGE_CURVE('',#2728,#2759,#2770,.T.);
#2772=ORIENTED_EDGE('',*,*,#2771,.F.);
#2773=ORIENTED_EDGE('',*,*,#2733,.T.);
#2774=EDGE_LOOP('',(#2757,#2765,#2772,#2773));
#2775=FACE_OUTER_BOUND('',#2774,.T.);
#2776=ADVANCED_FACE('',(#2775),#2756,.T.);
#2777=CARTESIAN_POINT('',(-0.049999999999995,-37.9,0.));
#2778=DIRECTION('',(-2.4135283144025E-17,0.,1.));
#2779=DIRECTION('',(1.,0.,2.4135283144025E-17));
#2780=AXIS2_PLACEMENT_3D('',#2777,#2779,#2778);
#2781=PLANE('',#2780);
#2782=ORIENTED_EDGE('',*,*,#1081,.T.);
#2783=ORIENTED_EDGE('',*,*,#1058,.F.);
#2784=ORIENTED_EDGE('',*,*,#1027,.T.);
#2785=CARTESIAN_POINT('',(-0.050000000256137,-36.5,-1.1500080021869));
#2786=VERTEX_POINT('',#2785);
#2787=CARTESIAN_POINT('',(-0.049999999999995,-36.5,-1.15));
#2788=DIRECTION('',(0.,-1.,0.));
#2789=VECTOR('',#2788,4.198461297982);
#2790=LINE('',#2787,#2789);
#2791=EDGE_CURVE('',#2786,#1012,#2790,.T.);
#2792=ORIENTED_EDGE('',*,*,#2791,.F.);
#2793=CARTESIAN_POINT('',(-0.049999999999995,-36.5,1.15));
#2794=DIRECTION('',(2.4135283144025E-17,0.,-1.));
#2795=VECTOR('',#2794,2.3);
#2796=LINE('',#2793,#2795);
#2797=EDGE_CURVE('',#2759,#2786,#2796,.T.);
#2798=ORIENTED_EDGE('',*,*,#2797,.F.);
#2799=ORIENTED_EDGE('',*,*,#2764,.T.);
#2800=EDGE_LOOP('',(#2782,#2783,#2784,#2792,#2798,#2799));
#2801=FACE_OUTER_BOUND('',#2800,.T.);
#2802=ADVANCED_FACE('',(#2801),#2781,.T.);
#2803=CARTESIAN_POINT('',(-0.3,-34.7,-1.15));
#2804=DIRECTION('',(0.99999999795088,2.8421709430404E-14,-6.4017494913138E-05));
#2805=DIRECTION('',(0.,-1.,0.));
#2806=AXIS2_PLACEMENT_3D('',#2803,#2805,#2804);
#2807=CYLINDRICAL_SURFACE('',#2806,0.25);
#2808=ORIENTED_EDGE('',*,*,#1019,.T.);
#2809=ORIENTED_EDGE('',*,*,#2747,.T.);
#2810=CARTESIAN_POINT('',(-0.3,-36.5,-1.15));
#2811=DIRECTION('',(0.99999999795088,-2.8421709430404E-14,-6.4017494913138E-05));
#2812=DIRECTION('',(-1.7154019093177E-14,1.,-1.7154019093177E-14));
#2813=AXIS2_PLACEMENT_3D('',#2810,#2812,#2811);
#2814=CIRCLE('',#2813,0.25);
#2815=EDGE_CURVE('',#2786,#2736,#2814,.T.);
#2816=ORIENTED_EDGE('',*,*,#2815,.F.);
#2817=ORIENTED_EDGE('',*,*,#2791,.T.);
#2818=EDGE_LOOP('',(#2808,#2809,#2816,#2817));
#2819=FACE_OUTER_BOUND('',#2818,.T.);
#2820=ADVANCED_FACE('',(#2819),#2807,.T.);
#2821=CARTESIAN_POINT('',(24.,-34.7,-1.15));
#2822=DIRECTION('',(0.99999999795088,5.6843418860814E-14,-6.4017494898934E-05));
#2823=DIRECTION('',(0.,-1.,5.9227083452146E-16));
#2824=AXIS2_PLACEMENT_3D('',#2821,#2823,#2822);
#2825=CYLINDRICAL_SURFACE('',#2824,0.24999999999998);
#2826=ORIENTED_EDGE('',*,*,#1133,.T.);
#2827=CARTESIAN_POINT('',(23.75,-36.5,-1.15));
#2828=VERTEX_POINT('',#2827);
#2829=CARTESIAN_POINT('',(23.75,-40.698461297982,-1.15));
#2830=DIRECTION('',(0.,1.,0.));
#2831=VECTOR('',#2830,4.198461297982);
#2832=LINE('',#2829,#2831);
#2833=EDGE_CURVE('',#1118,#2828,#2832,.T.);
#2834=ORIENTED_EDGE('',*,*,#2833,.T.);
#2835=CARTESIAN_POINT('',(24.249999999744,-36.5,-1.1500080021869));
#2836=VERTEX_POINT('',#2835);
#2837=CARTESIAN_POINT('',(24.,-36.5,-1.15));
#2838=DIRECTION('',(0.99999999795088,5.6843418860811E-14,-6.401749489449E-05));
#2839=DIRECTION('',(2.5731028639768E-14,1.,2.5731028639766E-14));
#2840=AXIS2_PLACEMENT_3D('',#2837,#2839,#2838);
#2841=CIRCLE('',#2840,0.24999999999997);
#2842=EDGE_CURVE('',#2836,#2828,#2841,.T.);
#2843=ORIENTED_EDGE('',*,*,#2842,.F.);
#2844=CARTESIAN_POINT('',(24.25,-36.5,-1.15));
#2845=DIRECTION('',(-8.4619421894115E-16,-1.,0.));
#2846=VECTOR('',#2845,4.198461297982);
#2847=LINE('',#2844,#2846);
#2848=EDGE_CURVE('',#2836,#1126,#2847,.T.);
#2849=ORIENTED_EDGE('',*,*,#2848,.T.);
#2850=EDGE_LOOP('',(#2826,#2834,#2843,#2849));
#2851=FACE_OUTER_BOUND('',#2850,.T.);
#2852=ADVANCED_FACE('',(#2851),#2825,.T.);
#2853=CARTESIAN_POINT('',(23.75,-37.9,2.8865798640254E-15));
#2854=DIRECTION('',(0.,0.,-1.));
#2855=DIRECTION('',(-1.,-0.,-0.));
#2856=AXIS2_PLACEMENT_3D('',#2853,#2855,#2854);
#2857=PLANE('',#2856);
#2858=ORIENTED_EDGE('',*,*,#1123,.T.);
#2859=ORIENTED_EDGE('',*,*,#1169,.F.);
#2860=ORIENTED_EDGE('',*,*,#1202,.T.);
#2861=CARTESIAN_POINT('',(23.750000000256,-36.5,1.1500080021869));
#2862=VERTEX_POINT('',#2861);
#2863=CARTESIAN_POINT('',(23.75,-36.5,1.15));
#2864=DIRECTION('',(0.,-1.,0.));
#2865=VECTOR('',#2864,4.198461297982);
#2866=LINE('',#2863,#2865);
#2867=EDGE_CURVE('',#2862,#1189,#2866,.T.);
#2868=ORIENTED_EDGE('',*,*,#2867,.F.);
#2869=CARTESIAN_POINT('',(23.75,-36.5,-1.15));
#2870=DIRECTION('',(0.,0.,1.));
#2871=VECTOR('',#2870,2.3);
#2872=LINE('',#2869,#2871);
#2873=EDGE_CURVE('',#2828,#2862,#2872,.T.);
#2874=ORIENTED_EDGE('',*,*,#2873,.F.);
#2875=ORIENTED_EDGE('',*,*,#2833,.F.);
#2876=EDGE_LOOP('',(#2858,#2859,#2860,#2868,#2874,#2875));
#2877=FACE_OUTER_BOUND('',#2876,.T.);
#2878=ADVANCED_FACE('',(#2877),#2857,.T.);
#2879=CARTESIAN_POINT('',(24.,-34.7,1.15));
#2880=DIRECTION('',(-0.99999999795088,2.8421709430405E-14,6.4017494763926E-05));
#2881=DIRECTION('',(1.1845416690429E-15,-1.,4.1458958416502E-15));
#2882=AXIS2_PLACEMENT_3D('',#2879,#2881,#2880);
#2883=CYLINDRICAL_SURFACE('',#2882,0.24999999999999);
#2884=ORIENTED_EDGE('',*,*,#1196,.T.);
#2885=CARTESIAN_POINT('',(24.25,-36.5,1.15));
#2886=VERTEX_POINT('',#2885);
#2887=CARTESIAN_POINT('',(24.25,-36.5,1.15));
#2888=DIRECTION('',(0.,-1.,0.));
#2889=VECTOR('',#2888,4.198461297982);
#2890=LINE('',#2887,#2889);
#2891=EDGE_CURVE('',#2886,#1181,#2890,.T.);
#2892=ORIENTED_EDGE('',*,*,#2891,.F.);
#2893=CARTESIAN_POINT('',(24.,-36.5,1.15));
#2894=DIRECTION('',(-0.99999999795088,0.,6.4017494776362E-05));
#2895=DIRECTION('',(1.7154019093179E-14,1.,1.7154019093178E-14));
#2896=AXIS2_PLACEMENT_3D('',#2893,#2895,#2894);
#2897=CIRCLE('',#2896,0.24999999999999);
#2898=EDGE_CURVE('',#2862,#2886,#2897,.T.);
#2899=ORIENTED_EDGE('',*,*,#2898,.F.);
#2900=ORIENTED_EDGE('',*,*,#2867,.T.);
#2901=EDGE_LOOP('',(#2884,#2892,#2899,#2900));
#2902=FACE_OUTER_BOUND('',#2901,.T.);
#2903=ADVANCED_FACE('',(#2902),#2883,.T.);
#2904=CARTESIAN_POINT('',(24.25,-37.9,2.8865798640254E-15));
#2905=DIRECTION('',(0.,0.,1.));
#2906=DIRECTION('',(1.,0.,-0.));
#2907=AXIS2_PLACEMENT_3D('',#2904,#2906,#2905);
#2908=PLANE('',#2907);
#2909=ORIENTED_EDGE('',*,*,#1186,.T.);
#2910=ORIENTED_EDGE('',*,*,#1155,.F.);
#2911=ORIENTED_EDGE('',*,*,#1139,.T.);
#2912=ORIENTED_EDGE('',*,*,#2848,.F.);
#2913=CARTESIAN_POINT('',(24.25,-36.5,1.15));
#2914=DIRECTION('',(0.,0.,-1.));
#2915=VECTOR('',#2914,2.3);
#2916=LINE('',#2913,#2915);
#2917=EDGE_CURVE('',#2886,#2836,#2916,.T.);
#2918=ORIENTED_EDGE('',*,*,#2917,.F.);
#2919=ORIENTED_EDGE('',*,*,#2891,.T.);
#2920=EDGE_LOOP('',(#2909,#2910,#2911,#2912,#2918,#2919));
#2921=FACE_OUTER_BOUND('',#2920,.T.);
#2922=ADVANCED_FACE('',(#2921),#2908,.T.);
#2923=CARTESIAN_POINT('',(11.85,-36.5,-2.5757174171304E-14));
#2924=DIRECTION('',(-0.64204534280861,0.,-0.76666666666667));
#2925=DIRECTION('',(0.,1.,-8.8817841970013E-17));
#2926=AXIS2_PLACEMENT_3D('',#2923,#2925,#2924);
#2927=CYLINDRICAL_SURFACE('',#2926,15.);
#2928=CARTESIAN_POINT('',(2.2193198578709,-36.5,-11.5));
#2929=VERTEX_POINT('',#2928);
#2930=CARTESIAN_POINT('',(21.480680142129,-36.5,-11.5));
#2931=VERTEX_POINT('',#2930);
#2932=CARTESIAN_POINT('',(11.85,-36.5,-2.5757174171304E-14));
#2933=DIRECTION('',(-0.64204534280861,4.736951571734E-16,-0.76666666666667));
#2934=DIRECTION('',(9.4785580314722E-16,1.,2.547153227106E-16));
#2935=AXIS2_PLACEMENT_3D('',#2932,#2934,#2933);
#2936=CIRCLE('',#2935,15.);
#2937=EDGE_CURVE('',#2929,#2931,#2936,.T.);
#2938=ORIENTED_EDGE('',*,*,#2937,.T.);
#2939=CARTESIAN_POINT('',(21.480680142129,-36.5,-11.5));
#2940=DIRECTION('',(0.,1.,0.));
#2941=VECTOR('',#2940,0.8);
#2942=LINE('',#2939,#2941);
#2943=EDGE_CURVE('',#2931,#1304,#2942,.T.);
#2944=ORIENTED_EDGE('',*,*,#2943,.T.);
#2945=ORIENTED_EDGE('',*,*,#1312,.T.);
#2946=CARTESIAN_POINT('',(2.2193198578709,-35.7,-11.5));
#2947=DIRECTION('',(0.,-1.,0.));
#2948=VECTOR('',#2947,0.8);
#2949=LINE('',#2946,#2948);
#2950=EDGE_CURVE('',#1306,#2929,#2949,.T.);
#2951=ORIENTED_EDGE('',*,*,#2950,.T.);
#2952=EDGE_LOOP('',(#2938,#2944,#2945,#2951));
#2953=FACE_OUTER_BOUND('',#2952,.T.);
#2954=ADVANCED_FACE('',(#2953),#2927,.T.);
#2955=CARTESIAN_POINT('',(11.85,-31.5,-11.5));
#2956=DIRECTION('',(-1.,0.,0.));
#2957=DIRECTION('',(0.,0.,-1.));
#2958=AXIS2_PLACEMENT_3D('',#2955,#2957,#2956);
#2959=PLANE('',#2958);
#2960=CARTESIAN_POINT('',(21.480680142129,-36.5,-11.5));
#2961=DIRECTION('',(-1.,0.,0.));
#2962=VECTOR('',#2961,19.261360284258);
#2963=LINE('',#2960,#2962);
#2964=EDGE_CURVE('',#2931,#2929,#2963,.T.);
#2965=ORIENTED_EDGE('',*,*,#2964,.T.);
#2966=ORIENTED_EDGE('',*,*,#2950,.F.);
#2967=ORIENTED_EDGE('',*,*,#1318,.T.);
#2968=ORIENTED_EDGE('',*,*,#2943,.F.);
#2969=EDGE_LOOP('',(#2965,#2966,#2967,#2968));
#2970=FACE_OUTER_BOUND('',#2969,.T.);
#2971=ADVANCED_FACE('',(#2970),#2959,.T.);
#2972=CARTESIAN_POINT('',(11.85,-36.5,-2.6872174441127));
#2973=DIRECTION('',(1.,0.,0.));
#2974=DIRECTION('',(-0.,1.,0.));
#2975=AXIS2_PLACEMENT_3D('',#2972,#2974,#2973);
#2976=PLANE('',#2975);
#2977=ORIENTED_EDGE('',*,*,#2937,.T.);
#2978=ORIENTED_EDGE('',*,*,#2964,.T.);
#2979=EDGE_LOOP('',(#2977,#2978));
#2980=FACE_OUTER_BOUND('',#2979,.F.);
#2981=ORIENTED_EDGE('',*,*,#2898,.F.);
#2982=ORIENTED_EDGE('',*,*,#2873,.F.);
#2983=ORIENTED_EDGE('',*,*,#2842,.F.);
#2984=ORIENTED_EDGE('',*,*,#2917,.F.);
#2985=EDGE_LOOP('',(#2981,#2982,#2983,#2984));
#2986=FACE_BOUND('',#2985,.F.);
#2987=ORIENTED_EDGE('',*,*,#2741,.F.);
#2988=ORIENTED_EDGE('',*,*,#2815,.F.);
#2989=ORIENTED_EDGE('',*,*,#2797,.F.);
#2990=ORIENTED_EDGE('',*,*,#2771,.F.);
#2991=EDGE_LOOP('',(#2987,#2988,#2989,#2990));
#2992=FACE_BOUND('',#2991,.F.);
#2993=ORIENTED_EDGE('',*,*,#1352,.T.);
#2994=ORIENTED_EDGE('',*,*,#1633,.T.);
#2995=ORIENTED_EDGE('',*,*,#1533,.T.);
#2996=ORIENTED_EDGE('',*,*,#1388,.T.);
#2997=EDGE_LOOP('',(#2993,#2994,#2995,#2996));
#2998=FACE_BOUND('',#2997,.F.);
#2999=ORIENTED_EDGE('',*,*,#1668,.T.);
#3000=ORIENTED_EDGE('',*,*,#1717,.T.);
#3001=ORIENTED_EDGE('',*,*,#1558,.T.);
#3002=ORIENTED_EDGE('',*,*,#1695,.T.);
#3003=EDGE_LOOP('',(#2999,#3000,#3001,#3002));
#3004=FACE_BOUND('',#3003,.F.);
#3005=ORIENTED_EDGE('',*,*,#2053,.T.);
#3006=ORIENTED_EDGE('',*,*,#2031,.T.);
#3007=ORIENTED_EDGE('',*,*,#2000,.T.);
#3008=ORIENTED_EDGE('',*,*,#1439,.T.);
#3009=EDGE_LOOP('',(#3005,#3006,#3007,#3008));
#3010=FACE_BOUND('',#3009,.F.);
#3011=ORIENTED_EDGE('',*,*,#1885,.T.);
#3012=ORIENTED_EDGE('',*,*,#1863,.T.);
#3013=ORIENTED_EDGE('',*,*,#1471,.T.);
#3014=ORIENTED_EDGE('',*,*,#1827,.T.);
#3015=EDGE_LOOP('',(#3011,#3012,#3013,#3014));
#3016=FACE_BOUND('',#3015,.F.);
#3017=ORIENTED_EDGE('',*,*,#1748,.T.);
#3018=ORIENTED_EDGE('',*,*,#1590,.T.);
#3019=ORIENTED_EDGE('',*,*,#1801,.T.);
#3020=ORIENTED_EDGE('',*,*,#1779,.T.);
#3021=EDGE_LOOP('',(#3017,#3018,#3019,#3020));
#3022=FACE_BOUND('',#3021,.F.);
#3023=ORIENTED_EDGE('',*,*,#1947,.T.);
#3024=ORIENTED_EDGE('',*,*,#1916,.T.);
#3025=ORIENTED_EDGE('',*,*,#1503,.T.);
#3026=ORIENTED_EDGE('',*,*,#1969,.T.);
#3027=EDGE_LOOP('',(#3023,#3024,#3025,#3026));
#3028=FACE_BOUND('',#3027,.F.);
#3029=ORIENTED_EDGE('',*,*,#1289,.F.);
#3030=EDGE_LOOP('',(#3029));
#3031=FACE_BOUND('',#3030,.F.);
#3032=ADVANCED_FACE('',(#2980,#2986,#2992,#2998,#3004,#3010,#3016,#3022,#3028,#3031),#2976,.F.);
#3033=CLOSED_SHELL('',(#149,#291,#331,#364,#395,#428,#459,#492,#523,#547,#564,#581,#598,#615,#640,#665,#674,#699,#723,#741,#759,#777,#795,#813,#831,#843,#867,#885,#907,#925,#947,#965,#983,#995,#1037,#1068,#1101,#1143,#1174,#1207,#1224,#1244,#1269,#1294,#1322,#1362,#1393,#1616,#1638,#1678,#1700,#1722,#1753,#1784,#1806,#1837,#1868,#1890,#1921,#1952,#1974,#2005,#2036,#2058,#2113,#2240,#2257,#2274,#2341,#2365,#2389,#2413,#2437,#2461,#2485,#2509,#2533,#2557,#2581,#2598,#2641,#2665,#2689,#2706,#2718,#2751,#2776,#2802,#2820,#2852,#2878,#2903,#2922,#2954,#2971,#3032));
#3034=COLOUR_RGB('',0.745098,0.901961,0.960784);
#3035=FILL_AREA_STYLE_COLOUR('',#3034);
#3036=FILL_AREA_STYLE('',(#3035));
#3037=SURFACE_STYLE_FILL_AREA(#3036);
#3038=SURFACE_SIDE_STYLE('',(#3037));
#3039=SURFACE_STYLE_USAGE(.BOTH.,#3038);
#3040=PRESENTATION_STYLE_ASSIGNMENT((#3039));
#3041=OVER_RIDING_STYLED_ITEM('',(#3040),#149,#3033);
#3042=OVER_RIDING_STYLED_ITEM('',(#3040),#291,#3033);
#3043=OVER_RIDING_STYLED_ITEM('',(#3040),#331,#3033);
#3044=OVER_RIDING_STYLED_ITEM('',(#3040),#364,#3033);
#3045=OVER_RIDING_STYLED_ITEM('',(#3040),#395,#3033);
#3046=OVER_RIDING_STYLED_ITEM('',(#3040),#428,#3033);
#3047=OVER_RIDING_STYLED_ITEM('',(#3040),#459,#3033);
#3048=OVER_RIDING_STYLED_ITEM('',(#3040),#492,#3033);
#3049=OVER_RIDING_STYLED_ITEM('',(#3040),#523,#3033);
#3050=OVER_RIDING_STYLED_ITEM('',(#3040),#547,#3033);
#3051=OVER_RIDING_STYLED_ITEM('',(#3040),#564,#3033);
#3052=OVER_RIDING_STYLED_ITEM('',(#3040),#581,#3033);
#3053=OVER_RIDING_STYLED_ITEM('',(#3040),#598,#3033);
#3054=OVER_RIDING_STYLED_ITEM('',(#3040),#615,#3033);
#3055=OVER_RIDING_STYLED_ITEM('',(#3040),#640,#3033);
#3056=OVER_RIDING_STYLED_ITEM('',(#3040),#665,#3033);
#3057=OVER_RIDING_STYLED_ITEM('',(#3040),#674,#3033);
#3058=OVER_RIDING_STYLED_ITEM('',(#3040),#699,#3033);
#3059=OVER_RIDING_STYLED_ITEM('',(#3040),#723,#3033);
#3060=OVER_RIDING_STYLED_ITEM('',(#3040),#741,#3033);
#3061=OVER_RIDING_STYLED_ITEM('',(#3040),#759,#3033);
#3062=OVER_RIDING_STYLED_ITEM('',(#3040),#777,#3033);
#3063=OVER_RIDING_STYLED_ITEM('',(#3040),#795,#3033);
#3064=OVER_RIDING_STYLED_ITEM('',(#3040),#813,#3033);
#3065=OVER_RIDING_STYLED_ITEM('',(#3040),#831,#3033);
#3066=OVER_RIDING_STYLED_ITEM('',(#3040),#843,#3033);
#3067=OVER_RIDING_STYLED_ITEM('',(#3040),#867,#3033);
#3068=OVER_RIDING_STYLED_ITEM('',(#3040),#885,#3033);
#3069=OVER_RIDING_STYLED_ITEM('',(#3040),#907,#3033);
#3070=OVER_RIDING_STYLED_ITEM('',(#3040),#925,#3033);
#3071=OVER_RIDING_STYLED_ITEM('',(#3040),#947,#3033);
#3072=OVER_RIDING_STYLED_ITEM('',(#3040),#965,#3033);
#3073=OVER_RIDING_STYLED_ITEM('',(#3040),#983,#3033);
#3074=OVER_RIDING_STYLED_ITEM('',(#3040),#995,#3033);
#3075=OVER_RIDING_STYLED_ITEM('',(#3040),#1037,#3033);
#3076=OVER_RIDING_STYLED_ITEM('',(#3040),#1068,#3033);
#3077=OVER_RIDING_STYLED_ITEM('',(#3040),#1101,#3033);
#3078=OVER_RIDING_STYLED_ITEM('',(#3040),#1143,#3033);
#3079=OVER_RIDING_STYLED_ITEM('',(#3040),#1174,#3033);
#3080=OVER_RIDING_STYLED_ITEM('',(#3040),#1207,#3033);
#3081=OVER_RIDING_STYLED_ITEM('',(#3040),#1224,#3033);
#3082=OVER_RIDING_STYLED_ITEM('',(#3040),#1244,#3033);
#3083=OVER_RIDING_STYLED_ITEM('',(#3040),#1269,#3033);
#3084=OVER_RIDING_STYLED_ITEM('',(#3040),#1294,#3033);
#3085=OVER_RIDING_STYLED_ITEM('',(#3040),#1322,#3033);
#3086=OVER_RIDING_STYLED_ITEM('',(#3040),#1362,#3033);
#3087=OVER_RIDING_STYLED_ITEM('',(#3040),#1393,#3033);
#3088=OVER_RIDING_STYLED_ITEM('',(#3040),#1616,#3033);
#3089=OVER_RIDING_STYLED_ITEM('',(#3040),#1638,#3033);
#3090=OVER_RIDING_STYLED_ITEM('',(#3040),#1678,#3033);
#3091=OVER_RIDING_STYLED_ITEM('',(#3040),#1700,#3033);
#3092=OVER_RIDING_STYLED_ITEM('',(#3040),#1722,#3033);
#3093=OVER_RIDING_STYLED_ITEM('',(#3040),#1753,#3033);
#3094=OVER_RIDING_STYLED_ITEM('',(#3040),#1784,#3033);
#3095=OVER_RIDING_STYLED_ITEM('',(#3040),#1806,#3033);
#3096=OVER_RIDING_STYLED_ITEM('',(#3040),#1837,#3033);
#3097=OVER_RIDING_STYLED_ITEM('',(#3040),#1868,#3033);
#3098=OVER_RIDING_STYLED_ITEM('',(#3040),#1890,#3033);
#3099=OVER_RIDING_STYLED_ITEM('',(#3040),#1921,#3033);
#3100=OVER_RIDING_STYLED_ITEM('',(#3040),#1952,#3033);
#3101=OVER_RIDING_STYLED_ITEM('',(#3040),#1974,#3033);
#3102=OVER_RIDING_STYLED_ITEM('',(#3040),#2005,#3033);
#3103=OVER_RIDING_STYLED_ITEM('',(#3040),#2036,#3033);
#3104=OVER_RIDING_STYLED_ITEM('',(#3040),#2058,#3033);
#3105=OVER_RIDING_STYLED_ITEM('',(#3040),#2113,#3033);
#3106=OVER_RIDING_STYLED_ITEM('',(#3040),#2240,#3033);
#3107=OVER_RIDING_STYLED_ITEM('',(#3040),#2257,#3033);
#3108=OVER_RIDING_STYLED_ITEM('',(#3040),#2274,#3033);
#3109=OVER_RIDING_STYLED_ITEM('',(#3040),#2341,#3033);
#3110=OVER_RIDING_STYLED_ITEM('',(#3040),#2365,#3033);
#3111=OVER_RIDING_STYLED_ITEM('',(#3040),#2389,#3033);
#3112=OVER_RIDING_STYLED_ITEM('',(#3040),#2413,#3033);
#3113=OVER_RIDING_STYLED_ITEM('',(#3040),#2437,#3033);
#3114=OVER_RIDING_STYLED_ITEM('',(#3040),#2461,#3033);
#3115=OVER_RIDING_STYLED_ITEM('',(#3040),#2485,#3033);
#3116=OVER_RIDING_STYLED_ITEM('',(#3040),#2509,#3033);
#3117=OVER_RIDING_STYLED_ITEM('',(#3040),#2533,#3033);
#3118=OVER_RIDING_STYLED_ITEM('',(#3040),#2557,#3033);
#3119=OVER_RIDING_STYLED_ITEM('',(#3040),#2581,#3033);
#3120=OVER_RIDING_STYLED_ITEM('',(#3040),#2598,#3033);
#3121=OVER_RIDING_STYLED_ITEM('',(#3040),#2641,#3033);
#3122=OVER_RIDING_STYLED_ITEM('',(#3040),#2665,#3033);
#3123=OVER_RIDING_STYLED_ITEM('',(#3040),#2689,#3033);
#3124=OVER_RIDING_STYLED_ITEM('',(#3040),#2706,#3033);
#3125=OVER_RIDING_STYLED_ITEM('',(#3040),#2718,#3033);
#3126=OVER_RIDING_STYLED_ITEM('',(#3040),#2751,#3033);
#3127=OVER_RIDING_STYLED_ITEM('',(#3040),#2776,#3033);
#3128=OVER_RIDING_STYLED_ITEM('',(#3040),#2802,#3033);
#3129=OVER_RIDING_STYLED_ITEM('',(#3040),#2820,#3033);
#3130=OVER_RIDING_STYLED_ITEM('',(#3040),#2852,#3033);
#3131=OVER_RIDING_STYLED_ITEM('',(#3040),#2878,#3033);
#3132=OVER_RIDING_STYLED_ITEM('',(#3040),#2903,#3033);
#3133=OVER_RIDING_STYLED_ITEM('',(#3040),#2922,#3033);
#3134=OVER_RIDING_STYLED_ITEM('',(#3040),#2954,#3033);
#3135=OVER_RIDING_STYLED_ITEM('',(#3040),#2971,#3033);
#3136=OVER_RIDING_STYLED_ITEM('',(#3040),#3032,#3033);
#3137=MANIFOLD_SOLID_BREP('S3',#3033);
#3138=CARTESIAN_POINT('',(11.582050807569,-37.7,-2.6645352591004E-15));
#3139=DIRECTION('',(1.,0.,0.));
#3140=DIRECTION('',(-0.,1.,0.));
#3141=AXIS2_PLACEMENT_3D('',#3138,#3140,#3139);
#3142=PLANE('',#3141);
#3143=CARTESIAN_POINT('',(12.85,-37.7,-1.3674401325394E-15));
#3144=VERTEX_POINT('',#3143);
#3145=CARTESIAN_POINT('',(11.85,-37.7,-7.3940314906587E-16));
#3146=DIRECTION('',(1.,-2.512147933894E-15,-6.280369834735E-16));
#3147=DIRECTION('',(2.512147933894E-15,1.,-2.512147933894E-15));
#3148=AXIS2_PLACEMENT_3D('',#3145,#3147,#3146);
#3149=CIRCLE('',#3148,1.);
#3150=EDGE_CURVE('',#3144,#3144,#3149,.T.);
#3151=ORIENTED_EDGE('',*,*,#3150,.T.);
#3152=EDGE_LOOP('',(#3151));
#3153=FACE_OUTER_BOUND('',#3152,.T.);
#3154=ADVANCED_FACE('',(#3153),#3142,.T.);
#3155=CARTESIAN_POINT('',(11.582050807569,-40.7,-2.6645352591004E-15));
#3156=DIRECTION('',(1.,0.,0.));
#3157=DIRECTION('',(0.,-1.,0.));
#3158=AXIS2_PLACEMENT_3D('',#3155,#3157,#3156);
#3159=PLANE('',#3158);
#3160=CARTESIAN_POINT('',(12.85,-40.7,-1.3674401325394E-15));
#3161=VERTEX_POINT('',#3160);
#3162=CARTESIAN_POINT('',(11.85,-40.7,-1.9954771160128E-15));
#3163=DIRECTION('',(1.,1.0479608179657E-14,6.2803698347333E-16));
#3164=DIRECTION('',(1.0479608179657E-14,-1.,1.7585035537258E-14));
#3165=AXIS2_PLACEMENT_3D('',#3162,#3164,#3163);
#3166=CIRCLE('',#3165,1.);
#3167=EDGE_CURVE('',#3161,#3161,#3166,.T.);
#3168=ORIENTED_EDGE('',*,*,#3167,.T.);
#3169=EDGE_LOOP('',(#3168));
#3170=FACE_OUTER_BOUND('',#3169,.T.);
#3171=ADVANCED_FACE('',(#3170),#3159,.T.);
#3172=CARTESIAN_POINT('',(11.85,-37.7,-1.9984014443253E-15));
#3173=DIRECTION('',(1.,7.105427357601E-15,6.3096131178585E-16));
#3174=DIRECTION('',(0.,-1.,0.));
#3175=AXIS2_PLACEMENT_3D('',#3172,#3174,#3173);
#3176=CYLINDRICAL_SURFACE('',#3175,1.);
#3177=ORIENTED_EDGE('',*,*,#3150,.F.);
#3178=CARTESIAN_POINT('',(12.85,-37.7,-1.3674401325394E-15));
#3179=DIRECTION('',(0.,-1.,0.));
#3180=VECTOR('',#3179,3.);
#3181=LINE('',#3178,#3180);
#3182=EDGE_CURVE('',#3144,#3161,#3181,.T.);
#3183=ORIENTED_EDGE('',*,*,#3182,.T.);
#3184=ORIENTED_EDGE('',*,*,#3167,.F.);
#3185=ORIENTED_EDGE('',*,*,#3182,.F.);
#3186=EDGE_LOOP('',(#3177,#3183,#3184,#3185));
#3187=FACE_OUTER_BOUND('',#3186,.T.);
#3188=ADVANCED_FACE('',(#3187),#3176,.T.);
#3189=CLOSED_SHELL('',(#3154,#3171,#3188));
#3190=OVER_RIDING_STYLED_ITEM('',(#3040),#3154,#3189);
#3191=OVER_RIDING_STYLED_ITEM('',(#3040),#3171,#3189);
#3192=OVER_RIDING_STYLED_ITEM('',(#3040),#3188,#3189);
#3193=MANIFOLD_SOLID_BREP('S4',#3189);
#3194=CARTESIAN_POINT('',(-17.842304845413,0.,1.0658141036402E-14));
#3195=DIRECTION('',(-1.,0.,0.));
#3196=DIRECTION('',(-0.,-1.,-0.));
#3197=AXIS2_PLACEMENT_3D('',#3194,#3196,#3195);
#3198=PLANE('',#3197);
#3199=CARTESIAN_POINT('',(-25.45,0.,0.));
#3200=VERTEX_POINT('',#3199);
#3201=CARTESIAN_POINT('',(-19.45,0.,-1.256073966947E-15));
#3202=DIRECTION('',(-1.,-0.,2.0934566115784E-16));
#3203=DIRECTION('',(0.,-1.,-0.));
#3204=AXIS2_PLACEMENT_3D('',#3201,#3203,#3202);
#3205=CIRCLE('',#3204,6.);
#3206=EDGE_CURVE('',#3200,#3200,#3205,.T.);
#3207=ORIENTED_EDGE('',*,*,#3206,.T.);
#3208=EDGE_LOOP('',(#3207));
#3209=FACE_OUTER_BOUND('',#3208,.T.);
#3210=ADVANCED_FACE('',(#3209),#3198,.T.);
#3211=CARTESIAN_POINT('',(-17.842304845413,1.5,-1.4210854715202E-14));
#3212=DIRECTION('',(-1.,0.,0.));
#3213=DIRECTION('',(0.,1.,-0.));
#3214=AXIS2_PLACEMENT_3D('',#3211,#3213,#3212);
#3215=PLANE('',#3214);
#3216=CARTESIAN_POINT('',(-25.45,1.5,0.));
#3217=VERTEX_POINT('',#3216);
#3218=CARTESIAN_POINT('',(-19.45,1.5,1.256073966947E-15));
#3219=DIRECTION('',(-1.,1.3084103822365E-16,-2.0934566115784E-16));
#3220=DIRECTION('',(1.3084103822365E-16,1.,-1.3084103822365E-16));
#3221=AXIS2_PLACEMENT_3D('',#3218,#3220,#3219);
#3222=CIRCLE('',#3221,6.);
#3223=EDGE_CURVE('',#3217,#3217,#3222,.T.);
#3224=ORIENTED_EDGE('',*,*,#3223,.T.);
#3225=EDGE_LOOP('',(#3224));
#3226=FACE_OUTER_BOUND('',#3225,.T.);
#3227=ADVANCED_FACE('',(#3226),#3215,.T.);
#3228=CARTESIAN_POINT('',(-19.45,0.,-7.105427357601E-15));
#3229=DIRECTION('',(-1.,0.,1.1842378929335E-15));
#3230=DIRECTION('',(0.,1.,0.));
#3231=AXIS2_PLACEMENT_3D('',#3228,#3230,#3229);
#3232=CYLINDRICAL_SURFACE('',#3231,6.);
#3233=ORIENTED_EDGE('',*,*,#3206,.F.);
#3234=CARTESIAN_POINT('',(-25.45,0.,0.));
#3235=DIRECTION('',(0.,1.,0.));
#3236=VECTOR('',#3235,1.5);
#3237=LINE('',#3234,#3236);
#3238=EDGE_CURVE('',#3200,#3217,#3237,.T.);
#3239=ORIENTED_EDGE('',*,*,#3238,.T.);
#3240=ORIENTED_EDGE('',*,*,#3223,.F.);
#3241=ORIENTED_EDGE('',*,*,#3238,.F.);
#3242=EDGE_LOOP('',(#3233,#3239,#3240,#3241));
#3243=FACE_OUTER_BOUND('',#3242,.T.);
#3244=ADVANCED_FACE('',(#3243),#3232,.T.);
#3245=CLOSED_SHELL('',(#3210,#3227,#3244));
#3246=OVER_RIDING_STYLED_ITEM('',(#3040),#3210,#3245);
#3247=OVER_RIDING_STYLED_ITEM('',(#3040),#3227,#3245);
#3248=OVER_RIDING_STYLED_ITEM('',(#3040),#3244,#3245);
#3249=MANIFOLD_SOLID_BREP('S5',#3245);
#3250=CARTESIAN_POINT('',(-18.646152422707,1.5,2.6645352591004E-15));
#3251=DIRECTION('',(-1.,0.,0.));
#3252=DIRECTION('',(-0.,-1.,-0.));
#3253=AXIS2_PLACEMENT_3D('',#3250,#3252,#3251);
#3254=PLANE('',#3253);
#3255=CARTESIAN_POINT('',(-22.45,1.5,-2.7348802650788E-15));
#3256=VERTEX_POINT('',#3255);
#3257=CARTESIAN_POINT('',(-19.45,1.5,-1.0271324066761E-14));
#3258=DIRECTION('',(-1.,2.616820764473E-16,2.512147933894E-15));
#3259=DIRECTION('',(-2.616820764473E-16,-1.,-2.616820764473E-16));
#3260=AXIS2_PLACEMENT_3D('',#3257,#3259,#3258);
#3261=CIRCLE('',#3260,3.);
#3262=EDGE_CURVE('',#3256,#3256,#3261,.T.);
#3263=ORIENTED_EDGE('',*,*,#3262,.T.);
#3264=EDGE_LOOP('',(#3263));
#3265=FACE_OUTER_BOUND('',#3264,.T.);
#3266=ADVANCED_FACE('',(#3265),#3254,.T.);
#3267=CARTESIAN_POINT('',(-18.646152422707,14.5,-4.4408920985006E-15));
#3268=DIRECTION('',(-1.,0.,0.));
#3269=DIRECTION('',(0.,1.,-0.));
#3270=AXIS2_PLACEMENT_3D('',#3267,#3269,#3268);
#3271=PLANE('',#3270);
#3272=CARTESIAN_POINT('',(-21.95,14.5,1.6583123951777));
#3273=VERTEX_POINT('',#3272);
#3274=CARTESIAN_POINT('',(-21.95,14.5,-1.6583123951777));
#3275=VERTEX_POINT('',#3274);
#3276=CARTESIAN_POINT('',(-19.45,14.5,-7.5495165674511E-15));
#3277=DIRECTION('',(-0.83333333333333,5.9211894646675E-16,0.55277079839257));
#3278=DIRECTION('',(-2.1243937575877E-16,1.,-8.7422377894034E-16));
#3279=AXIS2_PLACEMENT_3D('',#3276,#3278,#3277);
#3280=CIRCLE('',#3279,3.);
#3281=EDGE_CURVE('',#3273,#3275,#3280,.T.);
#3282=ORIENTED_EDGE('',*,*,#3281,.T.);
#3283=CARTESIAN_POINT('',(-21.95,14.5,-1.6583123951777));
#3284=DIRECTION('',(0.,0.,1.));
#3285=VECTOR('',#3284,3.3166247903554);
#3286=LINE('',#3283,#3285);
#3287=EDGE_CURVE('',#3275,#3273,#3286,.T.);
#3288=ORIENTED_EDGE('',*,*,#3287,.T.);
#3289=EDGE_LOOP('',(#3282,#3288));
#3290=FACE_OUTER_BOUND('',#3289,.T.);
#3291=ADVANCED_FACE('',(#3290),#3271,.T.);
#3292=CARTESIAN_POINT('',(-19.45,1.5,-6.7057470687359E-14));
#3293=DIRECTION('',(-1.,7.4014868308344E-17,2.1440863474093E-14));
#3294=DIRECTION('',(0.,1.,0.));
#3295=AXIS2_PLACEMENT_3D('',#3292,#3294,#3293);
#3296=CYLINDRICAL_SURFACE('',#3295,3.);
#3297=ORIENTED_EDGE('',*,*,#3262,.F.);
#3298=CARTESIAN_POINT('',(-22.45,2.5,-3.2247389847378E-15));
#3299=VERTEX_POINT('',#3298);
#3300=CARTESIAN_POINT('',(-22.45,1.5,-2.7348802650788E-15));
#3301=DIRECTION('',(0.,1.,-4.89858719659E-16));
#3302=VECTOR('',#3301,1.);
#3303=LINE('',#3300,#3302);
#3304=EDGE_CURVE('',#3256,#3299,#3303,.T.);
#3305=ORIENTED_EDGE('',*,*,#3304,.T.);
#3306=CARTESIAN_POINT('',(-21.95,2.5,-1.6583123951777));
#3307=VERTEX_POINT('',#3306);
#3308=CARTESIAN_POINT('',(-19.45,2.5,-3.0087043967342E-14));
#3309=DIRECTION('',(-1.,-4.4408920985006E-15,8.954101660868E-15));
#3310=DIRECTION('',(4.599454845918E-15,-1.,1.1189919453687E-15));
#3311=AXIS2_PLACEMENT_3D('',#3308,#3310,#3309);
#3312=CIRCLE('',#3311,3.);
#3313=EDGE_CURVE('',#3299,#3307,#3312,.T.);
#3314=ORIENTED_EDGE('',*,*,#3313,.T.);
#3315=CARTESIAN_POINT('',(-21.95,2.5,-1.6583123951777));
#3316=DIRECTION('',(0.,1.,0.));
#3317=VECTOR('',#3316,12.);
#3318=LINE('',#3315,#3317);
#3319=EDGE_CURVE('',#3307,#3275,#3318,.T.);
#3320=ORIENTED_EDGE('',*,*,#3319,.T.);
#3321=ORIENTED_EDGE('',*,*,#3281,.F.);
#3322=CARTESIAN_POINT('',(-21.95,2.5,1.6583123951777));
#3323=VERTEX_POINT('',#3322);
#3324=CARTESIAN_POINT('',(-21.95,14.5,1.6583123951777));
#3325=DIRECTION('',(0.,-1.,0.));
#3326=VECTOR('',#3325,12.);
#3327=LINE('',#3324,#3326);
#3328=EDGE_CURVE('',#3273,#3323,#3327,.T.);
#3329=ORIENTED_EDGE('',*,*,#3328,.T.);
#3330=CARTESIAN_POINT('',(-19.45,2.5,-3.663735981263E-15));
#3331=DIRECTION('',(-0.83333333333333,-1.4802973661669E-15,0.55277079839257));
#3332=DIRECTION('',(1.4264452064445E-15,-1.,-1.6229354261286E-16));
#3333=AXIS2_PLACEMENT_3D('',#3330,#3332,#3331);
#3334=CIRCLE('',#3333,3.);
#3335=EDGE_CURVE('',#3323,#3299,#3334,.T.);
#3336=ORIENTED_EDGE('',*,*,#3335,.T.);
#3337=ORIENTED_EDGE('',*,*,#3304,.F.);
#3338=EDGE_LOOP('',(#3297,#3305,#3314,#3320,#3321,#3329,#3336,#3337));
#3339=FACE_OUTER_BOUND('',#3338,.T.);
#3340=ADVANCED_FACE('',(#3339),#3296,.T.);
#3341=CARTESIAN_POINT('',(-23.608312395178,2.5,-7.7715611723761E-15));
#3342=DIRECTION('',(-1.,0.,0.));
#3343=DIRECTION('',(0.,1.,-0.));
#3344=AXIS2_PLACEMENT_3D('',#3341,#3343,#3342);
#3345=PLANE('',#3344);
#3346=CARTESIAN_POINT('',(-21.95,2.5,1.6583123951777));
#3347=DIRECTION('',(0.,0.,-1.));
#3348=VECTOR('',#3347,3.3166247903554);
#3349=LINE('',#3346,#3348);
#3350=EDGE_CURVE('',#3323,#3307,#3349,.T.);
#3351=ORIENTED_EDGE('',*,*,#3350,.T.);
#3352=ORIENTED_EDGE('',*,*,#3313,.F.);
#3353=ORIENTED_EDGE('',*,*,#3335,.F.);
#3354=EDGE_LOOP('',(#3351,#3352,#3353));
#3355=FACE_OUTER_BOUND('',#3354,.T.);
#3356=ADVANCED_FACE('',(#3355),#3345,.T.);
#3357=CARTESIAN_POINT('',(-21.95,8.5,-7.9936057773011E-15));
#3358=DIRECTION('',(0.,0.,-1.));
#3359=DIRECTION('',(-1.,-0.,-0.));
#3360=AXIS2_PLACEMENT_3D('',#3357,#3359,#3358);
#3361=PLANE('',#3360);
#3362=ORIENTED_EDGE('',*,*,#3287,.F.);
#3363=ORIENTED_EDGE('',*,*,#3319,.F.);
#3364=ORIENTED_EDGE('',*,*,#3350,.F.);
#3365=ORIENTED_EDGE('',*,*,#3328,.F.);
#3366=EDGE_LOOP('',(#3362,#3363,#3364,#3365));
#3367=FACE_OUTER_BOUND('',#3366,.T.);
#3368=ADVANCED_FACE('',(#3367),#3361,.T.);
#3369=CLOSED_SHELL('',(#3266,#3291,#3340,#3356,#3368));
#3370=OVER_RIDING_STYLED_ITEM('',(#3040),#3266,#3369);
#3371=OVER_RIDING_STYLED_ITEM('',(#3040),#3291,#3369);
#3372=OVER_RIDING_STYLED_ITEM('',(#3040),#3340,#3369);
#3373=OVER_RIDING_STYLED_ITEM('',(#3040),#3356,#3369);
#3374=OVER_RIDING_STYLED_ITEM('',(#3040),#3368,#3369);
#3375=MANIFOLD_SOLID_BREP('S6',#3369);
#3376=CARTESIAN_POINT('',(10.001150572225,-37.7,-1.7763568394003E-15));
#3377=DIRECTION('',(1.,0.,0.));
#3378=DIRECTION('',(-0.,1.,0.));
#3379=AXIS2_PLACEMENT_3D('',#3376,#3378,#3377);
#3380=PLANE('',#3379);
#3381=CARTESIAN_POINT('',(18.75,-37.7,0.));
#3382=VERTEX_POINT('',#3381);
#3383=CARTESIAN_POINT('',(11.85,-37.7,2.512147933894E-15));
#3384=DIRECTION('',(1.,-0.,-3.6407941070928E-16));
#3385=DIRECTION('',(0.,1.,0.));
#3386=AXIS2_PLACEMENT_3D('',#3383,#3385,#3384);
#3387=CIRCLE('',#3386,6.9);
#3388=EDGE_CURVE('',#3382,#3382,#3387,.T.);
#3389=ORIENTED_EDGE('',*,*,#3388,.T.);
#3390=EDGE_LOOP('',(#3389));
#3391=FACE_OUTER_BOUND('',#3390,.T.);
#3392=CARTESIAN_POINT('',(12.85,-37.7,-2.4492935982947E-16));
#3393=VERTEX_POINT('',#3392);
#3394=CARTESIAN_POINT('',(11.85,-37.7,-8.7296634330298E-16));
#3395=DIRECTION('',(1.,0.,6.2803698347351E-16));
#3396=DIRECTION('',(0.,-1.,0.));
#3397=AXIS2_PLACEMENT_3D('',#3394,#3396,#3395);
#3398=CIRCLE('',#3397,1.);
#3399=EDGE_CURVE('',#3393,#3393,#3398,.T.);
#3400=ORIENTED_EDGE('',*,*,#3399,.T.);
#3401=EDGE_LOOP('',(#3400));
#3402=FACE_BOUND('',#3401,.T.);
#3403=ADVANCED_FACE('',(#3391,#3402),#3380,.T.);
#3404=CARTESIAN_POINT('',(10.001150572225,-41.7,-3.5527136788005E-15));
#3405=DIRECTION('',(1.,0.,0.));
#3406=DIRECTION('',(0.,-1.,0.));
#3407=AXIS2_PLACEMENT_3D('',#3404,#3406,#3405);
#3408=PLANE('',#3407);
#3409=CARTESIAN_POINT('',(18.75,-41.7,2.4492935982947E-16));
#3410=VERTEX_POINT('',#3409);
#3411=CARTESIAN_POINT('',(11.85,-41.7,-4.7793665079586E-15));
#3412=DIRECTION('',(1.,3.6407941070928E-16,7.2815882141856E-16));
#3413=DIRECTION('',(3.6407941070928E-16,-1.,3.6407941070928E-16));
#3414=AXIS2_PLACEMENT_3D('',#3411,#3413,#3412);
#3415=CIRCLE('',#3414,6.9);
#3416=EDGE_CURVE('',#3410,#3410,#3415,.T.);
#3417=ORIENTED_EDGE('',*,*,#3416,.T.);
#3418=EDGE_LOOP('',(#3417));
#3419=FACE_OUTER_BOUND('',#3418,.T.);
#3420=CARTESIAN_POINT('',(12.85,-41.7,6.4094948549207E-31));
#3421=VERTEX_POINT('',#3420);
#3422=CARTESIAN_POINT('',(11.85,-41.7,3.1401849173675E-15));
#3423=DIRECTION('',(1.,-2.512147933894E-15,-3.1401849173675E-15));
#3424=DIRECTION('',(2.512147933894E-15,1.,-2.512147933894E-15));
#3425=AXIS2_PLACEMENT_3D('',#3422,#3424,#3423);
#3426=CIRCLE('',#3425,1.);
#3427=EDGE_CURVE('',#3421,#3421,#3426,.T.);
#3428=ORIENTED_EDGE('',*,*,#3427,.T.);
#3429=EDGE_LOOP('',(#3428));
#3430=FACE_BOUND('',#3429,.T.);
#3431=ADVANCED_FACE('',(#3419,#3430),#3408,.T.);
#3432=CARTESIAN_POINT('',(11.85,-37.7,-2.6645352591004E-15));
#3433=DIRECTION('',(1.,1.0297720808117E-15,3.861645303044E-16));
#3434=DIRECTION('',(-8.8817841970012E-16,-1.,6.1232339957368E-17));
#3435=AXIS2_PLACEMENT_3D('',#3432,#3434,#3433);
#3436=CYLINDRICAL_SURFACE('',#3435,6.9);
#3437=ORIENTED_EDGE('',*,*,#3388,.F.);
#3438=CARTESIAN_POINT('',(18.75,-37.7,0.));
#3439=DIRECTION('',(0.,-1.,6.1232339957368E-17));
#3440=VECTOR('',#3439,4.);
#3441=LINE('',#3438,#3440);
#3442=EDGE_CURVE('',#3382,#3410,#3441,.T.);
#3443=ORIENTED_EDGE('',*,*,#3442,.T.);
#3444=ORIENTED_EDGE('',*,*,#3416,.F.);
#3445=ORIENTED_EDGE('',*,*,#3442,.F.);
#3446=EDGE_LOOP('',(#3437,#3443,#3444,#3445));
#3447=FACE_OUTER_BOUND('',#3446,.T.);
#3448=ADVANCED_FACE('',(#3447),#3436,.T.);
#3449=CARTESIAN_POINT('',(11.85,-37.7,-8.8817841970013E-16));
#3450=DIRECTION('',(1.,7.105427357601E-15,6.4324905987066E-16));
#3451=DIRECTION('',(0.,-1.,6.1232339957368E-17));
#3452=AXIS2_PLACEMENT_3D('',#3449,#3451,#3450);
#3453=CYLINDRICAL_SURFACE('',#3452,1.);
#3454=ORIENTED_EDGE('',*,*,#3399,.F.);
#3455=CARTESIAN_POINT('',(12.85,-37.7,-2.4492935982947E-16));
#3456=DIRECTION('',(0.,-1.,6.1232339957368E-17));
#3457=VECTOR('',#3456,4.);
#3458=LINE('',#3455,#3457);
#3459=EDGE_CURVE('',#3393,#3421,#3458,.T.);
#3460=ORIENTED_EDGE('',*,*,#3459,.T.);
#3461=ORIENTED_EDGE('',*,*,#3427,.F.);
#3462=ORIENTED_EDGE('',*,*,#3459,.F.);
#3463=EDGE_LOOP('',(#3454,#3460,#3461,#3462));
#3464=FACE_OUTER_BOUND('',#3463,.T.);
#3465=ADVANCED_FACE('',(#3464),#3453,.F.);
#3466=CLOSED_SHELL('',(#3403,#3431,#3448,#3465));
#3467=OVER_RIDING_STYLED_ITEM('',(#3040),#3403,#3466);
#3468=OVER_RIDING_STYLED_ITEM('',(#3040),#3431,#3466);
#3469=OVER_RIDING_STYLED_ITEM('',(#3040),#3448,#3466);
#3470=OVER_RIDING_STYLED_ITEM('',(#3040),#3465,#3466);
#3471=MANIFOLD_SOLID_BREP('S1',#3466);
#3472=ADVANCED_BREP_SHAPE_REPRESENTATION('',(#3137,#3193,#3249,#3375,#3471),#5);
#3473=SHAPE_REPRESENTATION_RELATIONSHIP('NONE', 'NONE', #28, #3472);
#3474=PRESENTATION_LAYER_ASSIGNMENT('Í¼²ã000','',(#3137,#3193,#3249,#3375,#3471));
#3475=MECHANICAL_DESIGN_GEOMETRIC_PRESENTATION_REPRESENTATION('',(#3041,#3042,#3043,#3044,#3045,#3046,#3047,#3048,#3049,#3050,#3051,#3052,#3053,#3054,#3055,#3056,#3057,#3058,#3059,#3060,#3061,#3062,#3063,#3064,#3065,#3066,#3067,#3068,#3069,#3070,#3071,#3072,#3073,#3074,#3075,#3076,#3077,#3078,#3079,#3080,#3081,#3082,#3083,#3084,#3085,#3086,#3087,#3088,#3089,#3090,#3091,#3092,#3093,#3094,#3095,#3096,#3097,#3098,#3099,#3100,#3101,#3102,#3103,#3104,#3105,#3106,#3107,#3108,#3109,#3110,#3111,#3112,#3113,#3114,#3115,#3116,#3117,#3118,#3119,#3120,#3121,#3122,#3123,#3124,#3125,#3126,#3127,#3128,#3129,#3130,#3131,#3132,#3133,#3134,#3135,#3136,#3190,#3191,#3192,#3246,#3247,#3248,#3370,#3371,#3372,#3373,#3374,#3467,#3468,#3469,#3470),#5);
ENDSEC;
END-ISO-10303-21;
